2026-06-11 23:53:57,082 - fastapi - Form data requires "python-multipart" to be installed. 
You can install "python-multipart" with: 

pip install python-multipart

2026-06-11 23:58:03,077 - watchfiles.main - 4 changes detected
2026-06-11 23:58:03,496 - watchfiles.main - 1 change detected
2026-06-12 00:12:25,821 - watchfiles.main - 3 changes detected
2026-06-12 00:12:26,230 - watchfiles.main - 1 change detected
2026-06-12 00:13:03,213 - watchfiles.main - 1 change detected
2026-06-12 00:14:14,253 - watchfiles.main - 2 changes detected
2026-06-12 00:14:15,919 - watchfiles.main - 5 changes detected
2026-06-12 00:15:21,096 - watchfiles.main - 3 changes detected
2026-06-12 00:16:52,767 - watchfiles.main - 1 change detected
2026-06-12 19:47:28,912 - watchfiles.main - 3 changes detected
2026-06-12 19:48:42,567 - watchfiles.main - 1 change detected
2026-06-12 20:14:03,719 - watchfiles.main - 3 changes detected
2026-06-12 20:19:25,789 - watchfiles.main - 1 change detected
2026-06-12 20:24:58,199 - watchfiles.main - 4 changes detected
2026-06-12 20:26:29,478 - watchfiles.main - 1 change detected
2026-06-12 20:29:48,608 - watchfiles.main - 3 changes detected
2026-06-12 20:29:53,160 - watchfiles.main - 5 changes detected
2026-06-12 20:32:17,458 - watchfiles.main - 3 changes detected
2026-06-12 20:38:52,085 - watchfiles.main - 4 changes detected
2026-06-12 20:42:40,534 - watchfiles.main - 1 change detected
2026-06-12 20:42:40,972 - watchfiles.main - 1 change detected
2026-06-12 20:42:41,375 - watchfiles.main - 1 change detected
2026-06-12 20:42:41,834 - watchfiles.main - 1 change detected
2026-06-12 20:42:42,200 - watchfiles.main - 1 change detected
2026-06-12 20:42:43,122 - watchfiles.main - 1 change detected
2026-06-12 20:42:43,485 - watchfiles.main - 1 change detected
2026-06-12 20:42:43,895 - watchfiles.main - 1 change detected
2026-06-12 20:42:44,302 - watchfiles.main - 1 change detected
2026-06-12 20:42:44,707 - watchfiles.main - 1 change detected
2026-06-12 20:42:45,062 - watchfiles.main - 1 change detected
2026-06-12 20:42:45,473 - watchfiles.main - 1 change detected
2026-06-12 20:42:45,930 - watchfiles.main - 1 change detected
2026-06-12 20:42:46,348 - watchfiles.main - 1 change detected
2026-06-12 20:42:46,755 - watchfiles.main - 1 change detected
2026-06-12 20:42:47,161 - watchfiles.main - 1 change detected
2026-06-12 20:42:47,567 - watchfiles.main - 1 change detected
2026-06-12 20:42:47,972 - watchfiles.main - 1 change detected
2026-06-12 20:42:48,380 - watchfiles.main - 1 change detected
2026-06-12 20:42:48,789 - watchfiles.main - 1 change detected
2026-06-12 20:42:49,192 - watchfiles.main - 1 change detected
2026-06-12 20:42:49,598 - watchfiles.main - 1 change detected
2026-06-12 20:42:50,004 - watchfiles.main - 1 change detected
2026-06-12 20:42:50,411 - watchfiles.main - 1 change detected
2026-06-12 20:42:50,816 - watchfiles.main - 1 change detected
2026-06-12 20:42:51,224 - watchfiles.main - 1 change detected
2026-06-12 20:42:51,679 - watchfiles.main - 1 change detected
2026-06-12 20:42:52,143 - watchfiles.main - 1 change detected
2026-06-12 20:42:52,502 - watchfiles.main - 1 change detected
2026-06-12 20:42:52,909 - watchfiles.main - 1 change detected
2026-06-12 20:42:53,314 - watchfiles.main - 1 change detected
2026-06-12 20:42:53,734 - watchfiles.main - 1 change detected
2026-06-12 20:42:54,145 - watchfiles.main - 1 change detected
2026-06-12 20:42:54,553 - watchfiles.main - 1 change detected
2026-06-12 20:42:54,962 - watchfiles.main - 1 change detected
2026-06-12 20:42:55,375 - watchfiles.main - 1 change detected
2026-06-12 20:42:55,792 - watchfiles.main - 1 change detected
2026-06-12 20:42:56,198 - watchfiles.main - 1 change detected
2026-06-12 20:42:56,578 - watchfiles.main - 1 change detected
2026-06-12 20:42:56,984 - watchfiles.main - 1 change detected
2026-06-12 20:42:57,397 - watchfiles.main - 1 change detected
2026-06-12 20:42:57,800 - watchfiles.main - 1 change detected
2026-06-12 20:42:58,209 - watchfiles.main - 1 change detected
2026-06-12 20:42:58,612 - watchfiles.main - 1 change detected
2026-06-12 20:42:59,021 - watchfiles.main - 1 change detected
2026-06-12 20:42:59,430 - watchfiles.main - 1 change detected
2026-06-12 20:42:59,907 - watchfiles.main - 1 change detected
2026-06-12 20:43:00,268 - watchfiles.main - 1 change detected
2026-06-12 20:43:00,683 - watchfiles.main - 1 change detected
2026-06-12 20:43:01,104 - watchfiles.main - 1 change detected
2026-06-12 20:43:01,461 - watchfiles.main - 1 change detected
2026-06-12 20:43:01,878 - watchfiles.main - 1 change detected
2026-06-12 20:43:02,346 - watchfiles.main - 1 change detected
2026-06-12 20:43:02,720 - watchfiles.main - 1 change detected
2026-06-12 20:43:03,183 - watchfiles.main - 1 change detected
2026-06-12 20:43:03,553 - watchfiles.main - 1 change detected
2026-06-12 20:43:04,053 - watchfiles.main - 1 change detected
2026-06-12 20:43:04,567 - watchfiles.main - 1 change detected
2026-06-12 20:43:04,929 - watchfiles.main - 1 change detected
2026-06-12 20:43:05,314 - watchfiles.main - 1 change detected
2026-06-12 20:43:05,737 - watchfiles.main - 1 change detected
2026-06-12 20:43:06,161 - watchfiles.main - 1 change detected
2026-06-12 20:43:06,630 - watchfiles.main - 1 change detected
2026-06-12 20:43:07,056 - watchfiles.main - 1 change detected
2026-06-12 20:43:07,424 - watchfiles.main - 1 change detected
2026-06-12 20:43:07,849 - watchfiles.main - 1 change detected
2026-06-12 20:43:08,283 - watchfiles.main - 1 change detected
2026-06-12 20:43:08,751 - watchfiles.main - 1 change detected
2026-06-12 20:43:09,215 - watchfiles.main - 1 change detected
2026-06-12 20:43:09,711 - watchfiles.main - 1 change detected
2026-06-12 20:43:10,386 - watchfiles.main - 1 change detected
2026-06-12 20:43:10,764 - watchfiles.main - 1 change detected
2026-06-12 20:43:11,289 - watchfiles.main - 1 change detected
2026-06-12 20:43:11,912 - watchfiles.main - 1 change detected
2026-06-12 20:43:12,354 - watchfiles.main - 1 change detected
2026-06-12 20:43:12,850 - watchfiles.main - 1 change detected
2026-06-12 20:43:13,278 - watchfiles.main - 1 change detected
2026-06-12 20:43:13,701 - watchfiles.main - 1 change detected
2026-06-12 20:43:14,116 - watchfiles.main - 1 change detected
2026-06-12 20:43:14,586 - watchfiles.main - 1 change detected
2026-06-12 20:43:14,993 - watchfiles.main - 1 change detected
2026-06-12 20:43:15,360 - watchfiles.main - 1 change detected
2026-06-12 20:43:15,764 - watchfiles.main - 1 change detected
2026-06-12 20:43:16,176 - watchfiles.main - 1 change detected
2026-06-12 20:43:16,584 - watchfiles.main - 1 change detected
2026-06-12 20:43:17,036 - watchfiles.main - 1 change detected
2026-06-12 20:43:17,468 - watchfiles.main - 1 change detected
2026-06-12 20:43:17,977 - watchfiles.main - 1 change detected
2026-06-12 20:43:18,381 - watchfiles.main - 1 change detected
2026-06-12 20:43:18,784 - watchfiles.main - 1 change detected
2026-06-12 20:43:19,209 - watchfiles.main - 1 change detected
2026-06-12 20:43:19,672 - watchfiles.main - 1 change detected
2026-06-12 20:43:20,085 - watchfiles.main - 1 change detected
2026-06-12 20:43:20,488 - watchfiles.main - 1 change detected
2026-06-12 20:43:20,895 - watchfiles.main - 1 change detected
2026-06-12 20:43:21,305 - watchfiles.main - 1 change detected
2026-06-12 20:43:21,721 - watchfiles.main - 1 change detected
2026-06-12 20:45:22,680 - watchfiles.main - 3 changes detected
2026-06-12 20:50:29,848 - watchfiles.main - 1 change detected
2026-06-12 20:50:30,534 - watchfiles.main - 1 change detected
2026-06-12 20:50:30,888 - watchfiles.main - 1 change detected
2026-06-12 20:50:31,246 - watchfiles.main - 1 change detected
2026-06-12 20:50:31,657 - watchfiles.main - 1 change detected
2026-06-12 20:50:32,115 - watchfiles.main - 1 change detected
2026-06-12 20:50:32,517 - watchfiles.main - 1 change detected
2026-06-12 20:50:32,922 - watchfiles.main - 1 change detected
2026-06-12 20:50:33,330 - watchfiles.main - 1 change detected
2026-06-12 20:50:33,735 - watchfiles.main - 1 change detected
2026-06-12 20:50:34,141 - watchfiles.main - 1 change detected
2026-06-12 20:50:34,599 - watchfiles.main - 1 change detected
2026-06-12 20:50:34,958 - watchfiles.main - 1 change detected
2026-06-12 20:50:35,376 - watchfiles.main - 1 change detected
2026-06-12 20:50:35,832 - watchfiles.main - 1 change detected
2026-06-12 20:50:36,184 - watchfiles.main - 1 change detected
2026-06-12 20:50:36,647 - watchfiles.main - 1 change detected
2026-06-12 20:50:37,063 - watchfiles.main - 1 change detected
2026-06-12 20:50:37,469 - watchfiles.main - 1 change detected
2026-06-12 20:50:37,877 - watchfiles.main - 1 change detected
2026-06-12 20:50:38,283 - watchfiles.main - 1 change detected
2026-06-12 20:50:38,689 - watchfiles.main - 1 change detected
2026-06-12 20:50:39,162 - watchfiles.main - 1 change detected
2026-06-12 20:50:39,580 - watchfiles.main - 1 change detected
2026-06-12 20:50:39,988 - watchfiles.main - 1 change detected
2026-06-12 20:50:40,393 - watchfiles.main - 1 change detected
2026-06-12 20:50:40,798 - watchfiles.main - 1 change detected
2026-06-12 20:50:41,205 - watchfiles.main - 1 change detected
2026-06-12 20:50:41,611 - watchfiles.main - 1 change detected
2026-06-12 20:50:42,017 - watchfiles.main - 1 change detected
2026-06-12 20:50:42,423 - watchfiles.main - 1 change detected
2026-06-12 20:50:42,830 - watchfiles.main - 1 change detected
2026-06-12 20:50:43,287 - watchfiles.main - 1 change detected
2026-06-12 20:50:43,705 - watchfiles.main - 1 change detected
2026-06-12 20:50:44,111 - watchfiles.main - 1 change detected
2026-06-12 20:50:44,516 - watchfiles.main - 1 change detected
2026-06-12 20:50:44,923 - watchfiles.main - 1 change detected
2026-06-12 20:50:45,329 - watchfiles.main - 1 change detected
2026-06-12 20:50:45,735 - watchfiles.main - 1 change detected
2026-06-12 20:50:46,142 - watchfiles.main - 1 change detected
2026-06-12 20:50:46,549 - watchfiles.main - 1 change detected
2026-06-12 20:50:46,954 - watchfiles.main - 1 change detected
2026-06-12 20:50:47,361 - watchfiles.main - 1 change detected
2026-06-12 20:50:47,782 - watchfiles.main - 1 change detected
2026-06-12 20:50:48,256 - watchfiles.main - 1 change detected
2026-06-12 20:50:48,658 - watchfiles.main - 1 change detected
2026-06-12 20:50:49,079 - watchfiles.main - 1 change detected
2026-06-12 20:50:49,485 - watchfiles.main - 1 change detected
2026-06-12 20:50:49,943 - watchfiles.main - 1 change detected
2026-06-12 20:50:50,460 - watchfiles.main - 1 change detected
2026-06-12 20:50:50,875 - watchfiles.main - 1 change detected
2026-06-12 20:50:51,282 - watchfiles.main - 1 change detected
2026-06-12 20:50:51,656 - watchfiles.main - 1 change detected
2026-06-12 20:50:52,063 - watchfiles.main - 1 change detected
2026-06-12 20:50:52,471 - watchfiles.main - 1 change detected
2026-06-12 20:50:52,876 - watchfiles.main - 1 change detected
2026-06-12 20:50:53,286 - watchfiles.main - 1 change detected
2026-06-12 20:50:53,642 - watchfiles.main - 1 change detected
2026-06-12 20:50:54,053 - watchfiles.main - 1 change detected
2026-06-12 20:50:54,419 - watchfiles.main - 1 change detected
2026-06-12 20:50:54,822 - watchfiles.main - 1 change detected
2026-06-12 20:50:55,234 - watchfiles.main - 1 change detected
2026-06-12 20:50:55,640 - watchfiles.main - 1 change detected
2026-06-12 20:50:56,043 - watchfiles.main - 1 change detected
2026-06-12 20:50:56,448 - watchfiles.main - 1 change detected
2026-06-12 20:50:56,861 - watchfiles.main - 1 change detected
2026-06-12 20:50:57,266 - watchfiles.main - 1 change detected
2026-06-12 20:50:57,673 - watchfiles.main - 1 change detected
2026-06-12 20:50:58,080 - watchfiles.main - 1 change detected
2026-06-12 20:50:58,486 - watchfiles.main - 1 change detected
2026-06-12 20:50:58,891 - watchfiles.main - 1 change detected
2026-06-12 20:50:59,298 - watchfiles.main - 1 change detected
2026-06-12 20:50:59,705 - watchfiles.main - 1 change detected
2026-06-12 20:51:00,111 - watchfiles.main - 1 change detected
2026-06-12 20:51:00,517 - watchfiles.main - 1 change detected
2026-06-12 20:51:00,938 - watchfiles.main - 1 change detected
2026-06-12 20:51:01,294 - watchfiles.main - 1 change detected
2026-06-12 20:51:01,706 - watchfiles.main - 1 change detected
2026-06-12 20:51:02,110 - watchfiles.main - 1 change detected
2026-06-12 20:51:02,532 - watchfiles.main - 1 change detected
2026-06-12 20:51:02,938 - watchfiles.main - 1 change detected
2026-06-12 20:51:03,345 - watchfiles.main - 1 change detected
2026-06-12 20:51:03,801 - watchfiles.main - 1 change detected
2026-06-12 20:51:04,205 - watchfiles.main - 1 change detected
2026-06-12 20:51:04,610 - watchfiles.main - 1 change detected
2026-06-12 20:51:05,067 - watchfiles.main - 1 change detected
2026-06-12 20:51:05,471 - watchfiles.main - 1 change detected
2026-06-12 20:51:05,877 - watchfiles.main - 1 change detected
2026-06-12 20:51:06,283 - watchfiles.main - 1 change detected
2026-06-12 20:51:06,689 - watchfiles.main - 1 change detected
2026-06-12 20:51:07,095 - watchfiles.main - 1 change detected
2026-06-12 20:51:07,500 - watchfiles.main - 1 change detected
2026-06-12 20:51:07,908 - watchfiles.main - 1 change detected
2026-06-12 20:51:08,313 - watchfiles.main - 1 change detected
2026-06-12 20:51:08,719 - watchfiles.main - 1 change detected
2026-06-12 20:51:09,126 - watchfiles.main - 1 change detected
2026-06-12 20:51:09,533 - watchfiles.main - 1 change detected
2026-06-12 20:51:09,938 - watchfiles.main - 1 change detected
2026-06-12 20:51:10,346 - watchfiles.main - 1 change detected
2026-06-12 20:51:10,753 - watchfiles.main - 1 change detected
2026-06-12 20:51:11,157 - watchfiles.main - 1 change detected
2026-06-12 20:51:11,564 - watchfiles.main - 1 change detected
2026-06-12 20:51:11,986 - watchfiles.main - 1 change detected
2026-06-12 20:51:12,342 - watchfiles.main - 1 change detected
2026-06-12 20:51:12,750 - watchfiles.main - 1 change detected
2026-06-12 20:51:13,173 - watchfiles.main - 1 change detected
2026-06-12 20:51:13,581 - watchfiles.main - 1 change detected
2026-06-12 20:51:14,037 - watchfiles.main - 1 change detected
2026-06-12 20:51:14,454 - watchfiles.main - 1 change detected
2026-06-12 20:51:14,863 - watchfiles.main - 1 change detected
2026-06-12 20:51:15,267 - watchfiles.main - 1 change detected
2026-06-12 20:51:15,673 - watchfiles.main - 1 change detected
2026-06-12 20:51:16,081 - watchfiles.main - 1 change detected
2026-06-12 20:51:16,486 - watchfiles.main - 1 change detected
2026-06-12 20:51:16,894 - watchfiles.main - 1 change detected
2026-06-12 20:51:17,297 - watchfiles.main - 1 change detected
2026-06-12 20:51:17,754 - watchfiles.main - 1 change detected
2026-06-12 20:51:18,158 - watchfiles.main - 1 change detected
2026-06-12 20:51:18,563 - watchfiles.main - 1 change detected
2026-06-12 20:51:18,970 - watchfiles.main - 1 change detected
2026-06-12 20:51:19,376 - watchfiles.main - 1 change detected
2026-06-12 20:51:19,782 - watchfiles.main - 1 change detected
2026-06-12 20:51:20,189 - watchfiles.main - 1 change detected
2026-06-12 20:51:20,596 - watchfiles.main - 1 change detected
2026-06-12 20:51:21,002 - watchfiles.main - 1 change detected
2026-06-12 20:51:21,408 - watchfiles.main - 1 change detected
2026-06-12 20:51:21,813 - watchfiles.main - 1 change detected
2026-06-12 20:51:22,219 - watchfiles.main - 1 change detected
2026-06-12 20:51:22,626 - watchfiles.main - 1 change detected
2026-06-12 20:51:23,083 - watchfiles.main - 1 change detected
2026-06-12 20:51:23,488 - watchfiles.main - 1 change detected
2026-06-12 20:51:23,892 - watchfiles.main - 1 change detected
2026-06-12 20:51:24,298 - watchfiles.main - 1 change detected
2026-06-12 20:51:24,706 - watchfiles.main - 1 change detected
2026-06-12 20:51:25,112 - watchfiles.main - 1 change detected
2026-06-12 20:51:25,567 - watchfiles.main - 1 change detected
2026-06-12 20:51:25,985 - watchfiles.main - 1 change detected
2026-06-12 20:51:26,393 - watchfiles.main - 1 change detected
2026-06-12 20:51:26,748 - watchfiles.main - 1 change detected
2026-06-12 20:51:27,208 - watchfiles.main - 1 change detected
2026-06-12 20:51:27,611 - watchfiles.main - 1 change detected
2026-06-12 20:51:28,032 - watchfiles.main - 1 change detected
2026-06-12 20:51:28,438 - watchfiles.main - 1 change detected
2026-06-12 20:51:28,894 - watchfiles.main - 1 change detected
2026-06-12 20:51:29,299 - watchfiles.main - 1 change detected
2026-06-12 20:51:29,704 - watchfiles.main - 1 change detected
2026-06-12 20:51:30,108 - watchfiles.main - 1 change detected
2026-06-12 20:51:30,583 - watchfiles.main - 1 change detected
2026-06-12 20:51:31,002 - watchfiles.main - 1 change detected
2026-06-12 20:51:31,357 - watchfiles.main - 1 change detected
2026-06-12 20:51:31,766 - watchfiles.main - 1 change detected
2026-06-12 20:51:32,173 - watchfiles.main - 1 change detected
2026-06-12 20:51:32,579 - watchfiles.main - 1 change detected
2026-06-12 20:51:32,986 - watchfiles.main - 1 change detected
2026-06-12 20:51:33,390 - watchfiles.main - 1 change detected
2026-06-12 20:51:33,797 - watchfiles.main - 1 change detected
2026-06-12 20:51:34,153 - watchfiles.main - 1 change detected
2026-06-12 20:51:34,562 - watchfiles.main - 1 change detected
2026-06-12 20:51:35,018 - watchfiles.main - 1 change detected
2026-06-12 20:51:35,420 - watchfiles.main - 1 change detected
2026-06-12 20:51:35,830 - watchfiles.main - 1 change detected
2026-06-12 20:51:36,200 - watchfiles.main - 1 change detected
2026-06-12 20:51:36,609 - watchfiles.main - 1 change detected
2026-06-12 20:51:37,017 - watchfiles.main - 1 change detected
2026-06-12 20:51:37,423 - watchfiles.main - 1 change detected
2026-06-12 20:51:37,828 - watchfiles.main - 1 change detected
2026-06-12 20:51:38,235 - watchfiles.main - 1 change detected
2026-06-12 20:51:38,641 - watchfiles.main - 1 change detected
2026-06-12 20:51:39,048 - watchfiles.main - 1 change detected
2026-06-12 20:51:39,470 - watchfiles.main - 1 change detected
2026-06-12 20:51:39,826 - watchfiles.main - 1 change detected
2026-06-12 20:51:40,243 - watchfiles.main - 1 change detected
2026-06-12 20:51:40,657 - watchfiles.main - 1 change detected
2026-06-12 20:51:41,062 - watchfiles.main - 1 change detected
2026-06-12 20:51:41,470 - watchfiles.main - 1 change detected
2026-06-12 20:51:41,877 - watchfiles.main - 1 change detected
2026-06-12 20:51:42,332 - watchfiles.main - 1 change detected
2026-06-12 20:51:42,735 - watchfiles.main - 1 change detected
2026-06-12 20:51:43,142 - watchfiles.main - 1 change detected
2026-06-12 20:51:43,548 - watchfiles.main - 1 change detected
2026-06-12 20:51:43,955 - watchfiles.main - 1 change detected
2026-06-12 20:51:44,360 - watchfiles.main - 1 change detected
2026-06-12 20:51:44,767 - watchfiles.main - 1 change detected
2026-06-12 20:51:45,173 - watchfiles.main - 1 change detected
2026-06-12 20:51:45,582 - watchfiles.main - 1 change detected
2026-06-12 20:51:45,984 - watchfiles.main - 1 change detected
2026-06-12 20:51:46,391 - watchfiles.main - 1 change detected
2026-06-12 20:51:46,797 - watchfiles.main - 1 change detected
2026-06-12 20:51:47,154 - watchfiles.main - 1 change detected
2026-06-12 20:51:47,562 - watchfiles.main - 1 change detected
2026-06-12 20:51:47,971 - watchfiles.main - 1 change detected
2026-06-12 20:51:48,376 - watchfiles.main - 1 change detected
2026-06-12 20:51:48,782 - watchfiles.main - 1 change detected
2026-06-12 20:51:49,197 - watchfiles.main - 1 change detected
2026-06-12 20:51:49,617 - watchfiles.main - 1 change detected
2026-06-12 20:51:50,032 - watchfiles.main - 1 change detected
2026-06-12 20:51:50,438 - watchfiles.main - 1 change detected
2026-06-12 20:51:50,845 - watchfiles.main - 1 change detected
2026-06-12 20:51:51,251 - watchfiles.main - 1 change detected
2026-06-12 20:51:51,657 - watchfiles.main - 1 change detected
2026-06-12 20:51:52,061 - watchfiles.main - 1 change detected
2026-06-12 20:51:52,471 - watchfiles.main - 1 change detected
2026-06-12 20:51:52,876 - watchfiles.main - 1 change detected
2026-06-12 20:51:53,283 - watchfiles.main - 1 change detected
2026-06-12 20:51:53,690 - watchfiles.main - 1 change detected
2026-06-12 20:51:54,094 - watchfiles.main - 1 change detected
2026-06-12 20:51:54,501 - watchfiles.main - 1 change detected
2026-06-12 20:51:54,907 - watchfiles.main - 1 change detected
2026-06-12 20:51:55,313 - watchfiles.main - 1 change detected
2026-06-12 20:51:55,722 - watchfiles.main - 1 change detected
2026-06-12 20:51:56,176 - watchfiles.main - 1 change detected
2026-06-12 20:51:56,578 - watchfiles.main - 1 change detected
2026-06-12 20:51:56,985 - watchfiles.main - 1 change detected
2026-06-12 20:51:57,391 - watchfiles.main - 1 change detected
2026-06-12 20:51:57,798 - watchfiles.main - 1 change detected
2026-06-12 20:51:58,206 - watchfiles.main - 1 change detected
2026-06-12 20:51:58,626 - watchfiles.main - 1 change detected
2026-06-12 20:51:59,033 - watchfiles.main - 1 change detected
2026-06-12 20:51:59,439 - watchfiles.main - 1 change detected
2026-06-12 20:51:59,845 - watchfiles.main - 1 change detected
2026-06-12 20:52:00,252 - watchfiles.main - 1 change detected
2026-06-12 20:52:00,672 - watchfiles.main - 1 change detected
2026-06-12 20:52:01,079 - watchfiles.main - 1 change detected
2026-06-12 20:52:01,486 - watchfiles.main - 1 change detected
2026-06-12 20:52:01,893 - watchfiles.main - 1 change detected
2026-06-12 20:52:02,314 - watchfiles.main - 1 change detected
2026-06-12 20:52:02,720 - watchfiles.main - 1 change detected
2026-06-12 20:52:03,125 - watchfiles.main - 1 change detected
2026-06-12 20:52:03,532 - watchfiles.main - 1 change detected
2026-06-12 20:52:03,939 - watchfiles.main - 1 change detected
2026-06-12 20:52:04,345 - watchfiles.main - 1 change detected
2026-06-12 20:52:04,751 - watchfiles.main - 1 change detected
2026-06-12 20:52:05,165 - watchfiles.main - 1 change detected
2026-06-12 20:52:05,580 - watchfiles.main - 1 change detected
2026-06-12 20:52:05,985 - watchfiles.main - 1 change detected
2026-06-12 20:52:06,392 - watchfiles.main - 1 change detected
2026-06-12 20:52:06,797 - watchfiles.main - 1 change detected
2026-06-12 20:52:07,215 - watchfiles.main - 1 change detected
2026-06-12 20:52:07,626 - watchfiles.main - 1 change detected
2026-06-12 20:52:08,083 - watchfiles.main - 1 change detected
2026-06-12 20:52:08,501 - watchfiles.main - 1 change detected
2026-06-12 20:52:08,906 - watchfiles.main - 1 change detected
2026-06-12 20:52:09,263 - watchfiles.main - 1 change detected
2026-06-12 20:52:09,724 - watchfiles.main - 1 change detected
2026-06-12 20:52:10,140 - watchfiles.main - 1 change detected
2026-06-12 20:52:10,548 - watchfiles.main - 1 change detected
2026-06-12 20:52:10,954 - watchfiles.main - 1 change detected
2026-06-12 20:52:11,361 - watchfiles.main - 1 change detected
2026-06-12 20:52:11,767 - watchfiles.main - 1 change detected
2026-06-12 20:52:12,172 - watchfiles.main - 1 change detected
2026-06-12 20:52:12,579 - watchfiles.main - 1 change detected
2026-06-12 20:52:13,001 - watchfiles.main - 1 change detected
2026-06-12 20:52:13,408 - watchfiles.main - 1 change detected
2026-06-12 20:52:13,814 - watchfiles.main - 1 change detected
2026-06-12 20:52:14,230 - watchfiles.main - 1 change detected
2026-06-12 20:52:14,640 - watchfiles.main - 1 change detected
2026-06-12 20:52:15,048 - watchfiles.main - 1 change detected
2026-06-12 20:52:15,404 - watchfiles.main - 1 change detected
2026-06-12 20:52:15,813 - watchfiles.main - 1 change detected
2026-06-12 20:52:16,222 - watchfiles.main - 1 change detected
2026-06-12 20:52:16,625 - watchfiles.main - 1 change detected
2026-06-12 20:52:17,048 - watchfiles.main - 1 change detected
2026-06-12 20:52:17,454 - watchfiles.main - 1 change detected
2026-06-12 20:52:17,911 - watchfiles.main - 1 change detected
2026-06-12 20:52:18,262 - watchfiles.main - 1 change detected
2026-06-12 20:52:18,688 - watchfiles.main - 1 change detected
2026-06-12 20:52:19,145 - watchfiles.main - 1 change detected
2026-06-12 20:52:19,497 - watchfiles.main - 1 change detected
2026-06-12 20:52:19,957 - watchfiles.main - 1 change detected
2026-06-12 20:52:20,362 - watchfiles.main - 1 change detected
2026-06-12 20:52:20,766 - watchfiles.main - 1 change detected
2026-06-12 20:52:21,173 - watchfiles.main - 1 change detected
2026-06-12 20:52:21,629 - watchfiles.main - 1 change detected
2026-06-12 20:52:22,032 - watchfiles.main - 1 change detected
2026-06-12 20:52:22,490 - watchfiles.main - 1 change detected
2026-06-12 20:52:22,856 - watchfiles.main - 1 change detected
2026-06-12 20:52:23,267 - watchfiles.main - 1 change detected
2026-06-12 20:52:23,672 - watchfiles.main - 1 change detected
2026-06-12 20:52:24,079 - watchfiles.main - 1 change detected
2026-06-12 20:52:24,485 - watchfiles.main - 1 change detected
2026-06-12 20:52:24,892 - watchfiles.main - 1 change detected
2026-06-12 20:52:25,297 - watchfiles.main - 1 change detected
2026-06-12 20:52:25,703 - watchfiles.main - 1 change detected
2026-06-12 20:52:26,111 - watchfiles.main - 1 change detected
2026-06-12 20:52:26,516 - watchfiles.main - 1 change detected
2026-06-12 20:52:26,922 - watchfiles.main - 1 change detected
2026-06-12 20:52:27,326 - watchfiles.main - 1 change detected
2026-06-12 20:52:27,686 - watchfiles.main - 1 change detected
2026-06-12 20:52:28,145 - watchfiles.main - 1 change detected
2026-06-12 20:52:28,501 - watchfiles.main - 1 change detected
2026-06-12 20:52:28,959 - watchfiles.main - 1 change detected
2026-06-12 20:52:29,315 - watchfiles.main - 1 change detected
2026-06-12 20:52:29,722 - watchfiles.main - 1 change detected
2026-06-12 20:52:30,137 - watchfiles.main - 1 change detected
2026-06-12 20:52:30,551 - watchfiles.main - 1 change detected
2026-06-12 20:52:30,966 - watchfiles.main - 1 change detected
2026-06-12 20:52:31,433 - watchfiles.main - 1 change detected
2026-06-12 20:52:31,844 - watchfiles.main - 1 change detected
2026-06-12 20:52:32,251 - watchfiles.main - 1 change detected
2026-06-12 20:52:32,656 - watchfiles.main - 1 change detected
2026-06-12 20:52:33,064 - watchfiles.main - 1 change detected
2026-06-12 20:52:33,520 - watchfiles.main - 1 change detected
2026-06-12 20:52:33,937 - watchfiles.main - 1 change detected
2026-06-12 20:52:34,294 - watchfiles.main - 1 change detected
2026-06-12 20:52:34,754 - watchfiles.main - 1 change detected
2026-06-12 20:52:35,157 - watchfiles.main - 1 change detected
2026-06-12 20:52:35,564 - watchfiles.main - 1 change detected
2026-06-12 20:52:35,969 - watchfiles.main - 1 change detected
2026-06-12 20:52:36,376 - watchfiles.main - 1 change detected
2026-06-12 20:52:36,782 - watchfiles.main - 1 change detected
2026-06-12 20:52:37,190 - watchfiles.main - 1 change detected
2026-06-12 20:52:37,594 - watchfiles.main - 1 change detected
2026-06-12 20:52:38,000 - watchfiles.main - 1 change detected
2026-06-12 20:52:38,408 - watchfiles.main - 1 change detected
2026-06-12 20:52:38,814 - watchfiles.main - 1 change detected
2026-06-12 20:52:39,220 - watchfiles.main - 1 change detected
2026-06-12 20:52:39,626 - watchfiles.main - 1 change detected
2026-06-12 20:52:40,083 - watchfiles.main - 1 change detected
2026-06-12 20:52:40,450 - watchfiles.main - 1 change detected
2026-06-12 20:52:40,911 - watchfiles.main - 1 change detected
2026-06-12 20:52:41,278 - watchfiles.main - 1 change detected
2026-06-12 20:52:41,689 - watchfiles.main - 1 change detected
2026-06-12 20:52:42,094 - watchfiles.main - 1 change detected
2026-06-12 20:52:42,501 - watchfiles.main - 1 change detected
2026-06-12 20:52:42,907 - watchfiles.main - 1 change detected
2026-06-12 20:52:43,330 - watchfiles.main - 1 change detected
2026-06-12 20:52:43,736 - watchfiles.main - 1 change detected
2026-06-12 20:52:44,141 - watchfiles.main - 1 change detected
2026-06-12 20:52:44,548 - watchfiles.main - 1 change detected
2026-06-12 20:52:45,004 - watchfiles.main - 1 change detected
2026-06-12 20:52:45,407 - watchfiles.main - 1 change detected
2026-06-12 20:52:45,813 - watchfiles.main - 1 change detected
2026-06-12 20:52:46,221 - watchfiles.main - 1 change detected
2026-06-12 20:52:46,626 - watchfiles.main - 1 change detected
2026-06-12 20:52:47,031 - watchfiles.main - 1 change detected
2026-06-12 20:52:47,439 - watchfiles.main - 1 change detected
2026-06-12 20:52:47,844 - watchfiles.main - 1 change detected
2026-06-12 20:52:48,367 - watchfiles.main - 1 change detected
2026-06-12 20:52:48,798 - watchfiles.main - 1 change detected
2026-06-12 20:52:49,214 - watchfiles.main - 1 change detected
2026-06-12 20:52:49,626 - watchfiles.main - 1 change detected
2026-06-12 20:52:50,031 - watchfiles.main - 1 change detected
2026-06-12 20:52:50,438 - watchfiles.main - 1 change detected
2026-06-12 20:52:50,845 - watchfiles.main - 1 change detected
2026-06-12 20:52:51,247 - watchfiles.main - 1 change detected
2026-06-12 20:52:51,658 - watchfiles.main - 1 change detected
2026-06-12 20:52:52,062 - watchfiles.main - 1 change detected
2026-06-12 20:52:52,469 - watchfiles.main - 1 change detected
2026-06-12 20:52:52,875 - watchfiles.main - 1 change detected
2026-06-12 20:52:53,281 - watchfiles.main - 1 change detected
2026-06-12 20:52:53,687 - watchfiles.main - 1 change detected
2026-06-12 20:52:54,094 - watchfiles.main - 1 change detected
2026-06-12 20:52:54,501 - watchfiles.main - 1 change detected
2026-06-12 20:52:54,907 - watchfiles.main - 1 change detected
2026-06-12 20:52:55,313 - watchfiles.main - 1 change detected
2026-06-12 20:52:55,718 - watchfiles.main - 1 change detected
2026-06-12 20:52:56,176 - watchfiles.main - 1 change detected
2026-06-12 20:52:56,579 - watchfiles.main - 1 change detected
2026-06-12 20:52:57,000 - watchfiles.main - 1 change detected
2026-06-12 20:52:57,407 - watchfiles.main - 1 change detected
2026-06-12 20:52:57,763 - watchfiles.main - 1 change detected
2026-06-12 20:52:58,188 - watchfiles.main - 1 change detected
2026-06-12 20:52:58,594 - watchfiles.main - 1 change detected
2026-06-12 20:52:59,000 - watchfiles.main - 1 change detected
2026-06-12 20:52:59,406 - watchfiles.main - 1 change detected
2026-06-12 20:52:59,812 - watchfiles.main - 1 change detected
2026-06-12 20:53:00,230 - watchfiles.main - 1 change detected
2026-06-12 20:53:00,641 - watchfiles.main - 1 change detected
2026-06-12 20:53:01,048 - watchfiles.main - 1 change detected
2026-06-12 20:53:01,454 - watchfiles.main - 1 change detected
2026-06-12 20:53:01,876 - watchfiles.main - 1 change detected
2026-06-12 20:53:02,289 - watchfiles.main - 1 change detected
2026-06-12 20:53:02,704 - watchfiles.main - 1 change detected
2026-06-12 20:53:03,159 - watchfiles.main - 1 change detected
2026-06-12 20:53:03,615 - watchfiles.main - 1 change detected
2026-06-12 20:53:04,018 - watchfiles.main - 1 change detected
2026-06-12 20:53:04,422 - watchfiles.main - 1 change detected
2026-06-12 20:53:04,829 - watchfiles.main - 1 change detected
2026-06-12 20:53:05,250 - watchfiles.main - 1 change detected
2026-06-12 20:53:05,657 - watchfiles.main - 1 change detected
2026-06-12 20:53:06,064 - watchfiles.main - 1 change detected
2026-06-12 20:53:06,469 - watchfiles.main - 1 change detected
2026-06-12 20:53:06,876 - watchfiles.main - 1 change detected
2026-06-12 20:53:07,288 - watchfiles.main - 1 change detected
2026-06-12 20:53:07,703 - watchfiles.main - 1 change detected
2026-06-12 20:53:08,111 - watchfiles.main - 1 change detected
2026-06-12 20:53:08,517 - watchfiles.main - 1 change detected
2026-06-12 20:53:08,922 - watchfiles.main - 1 change detected
2026-06-12 20:53:09,329 - watchfiles.main - 1 change detected
2026-06-12 20:53:09,735 - watchfiles.main - 1 change detected
2026-06-12 20:53:10,142 - watchfiles.main - 1 change detected
2026-06-12 20:53:10,564 - watchfiles.main - 1 change detected
2026-06-12 20:53:10,970 - watchfiles.main - 1 change detected
2026-06-12 20:53:11,374 - watchfiles.main - 1 change detected
2026-06-12 20:53:11,832 - watchfiles.main - 1 change detected
2026-06-12 20:53:12,237 - watchfiles.main - 1 change detected
2026-06-12 20:53:12,642 - watchfiles.main - 1 change detected
2026-06-12 20:53:13,048 - watchfiles.main - 1 change detected
2026-06-12 20:53:13,454 - watchfiles.main - 1 change detected
2026-06-12 20:53:13,860 - watchfiles.main - 1 change detected
2026-06-12 20:53:14,269 - watchfiles.main - 1 change detected
2026-06-12 20:53:14,672 - watchfiles.main - 1 change detected
2026-06-12 20:53:15,079 - watchfiles.main - 1 change detected
2026-06-12 20:53:15,486 - watchfiles.main - 1 change detected
2026-06-12 20:53:15,891 - watchfiles.main - 1 change detected
2026-06-12 20:53:16,304 - watchfiles.main - 1 change detected
2026-06-12 20:53:16,771 - watchfiles.main - 1 change detected
2026-06-12 20:53:17,189 - watchfiles.main - 1 change detected
2026-06-12 20:53:17,594 - watchfiles.main - 1 change detected
2026-06-12 20:53:18,001 - watchfiles.main - 1 change detected
2026-06-12 20:53:18,404 - watchfiles.main - 1 change detected
2026-06-12 20:53:18,814 - watchfiles.main - 1 change detected
2026-06-12 20:53:19,271 - watchfiles.main - 1 change detected
2026-06-12 20:53:19,638 - watchfiles.main - 1 change detected
2026-06-12 20:53:20,099 - watchfiles.main - 1 change detected
2026-06-12 20:53:20,466 - watchfiles.main - 1 change detected
2026-06-12 20:53:20,877 - watchfiles.main - 1 change detected
2026-06-12 20:53:21,284 - watchfiles.main - 1 change detected
2026-06-12 20:53:21,687 - watchfiles.main - 1 change detected
2026-06-12 20:53:22,111 - watchfiles.main - 1 change detected
2026-06-12 20:53:22,516 - watchfiles.main - 1 change detected
2026-06-12 20:53:22,922 - watchfiles.main - 1 change detected
2026-06-12 20:53:23,329 - watchfiles.main - 1 change detected
2026-06-12 20:53:23,751 - watchfiles.main - 1 change detected
2026-06-12 20:53:24,159 - watchfiles.main - 1 change detected
2026-06-12 20:53:24,561 - watchfiles.main - 1 change detected
2026-06-12 20:53:24,971 - watchfiles.main - 1 change detected
2026-06-12 20:53:25,432 - watchfiles.main - 1 change detected
2026-06-12 20:53:25,844 - watchfiles.main - 1 change detected
2026-06-12 20:53:26,250 - watchfiles.main - 1 change detected
2026-06-12 20:53:26,656 - watchfiles.main - 1 change detected
2026-06-12 20:53:27,062 - watchfiles.main - 1 change detected
2026-06-12 20:53:27,418 - watchfiles.main - 1 change detected
2026-06-12 20:53:27,829 - watchfiles.main - 1 change detected
2026-06-12 20:53:28,237 - watchfiles.main - 1 change detected
2026-06-12 20:53:28,640 - watchfiles.main - 1 change detected
2026-06-12 20:53:29,047 - watchfiles.main - 1 change detected
2026-06-12 20:53:29,454 - watchfiles.main - 1 change detected
2026-06-12 20:53:29,860 - watchfiles.main - 1 change detected
2026-06-12 20:53:30,268 - watchfiles.main - 1 change detected
2026-06-12 20:53:30,722 - watchfiles.main - 1 change detected
2026-06-12 20:53:31,125 - watchfiles.main - 1 change detected
2026-06-12 20:53:31,531 - watchfiles.main - 1 change detected
2026-06-12 20:53:31,937 - watchfiles.main - 1 change detected
2026-06-12 20:53:32,344 - watchfiles.main - 1 change detected
2026-06-12 20:53:32,751 - watchfiles.main - 1 change detected
2026-06-12 20:53:33,106 - watchfiles.main - 1 change detected
2026-06-12 20:53:33,567 - watchfiles.main - 1 change detected
2026-06-12 20:53:33,969 - watchfiles.main - 1 change detected
2026-06-12 20:53:34,375 - watchfiles.main - 1 change detected
2026-06-12 20:53:34,781 - watchfiles.main - 1 change detected
2026-06-12 20:53:35,187 - watchfiles.main - 1 change detected
2026-06-12 20:53:35,593 - watchfiles.main - 1 change detected
2026-06-12 20:53:36,000 - watchfiles.main - 1 change detected
2026-06-12 20:53:36,417 - watchfiles.main - 1 change detected
2026-06-12 20:53:36,829 - watchfiles.main - 1 change detected
2026-06-12 20:53:37,249 - watchfiles.main - 1 change detected
2026-06-12 20:53:37,657 - watchfiles.main - 1 change detected
2026-06-12 20:53:38,063 - watchfiles.main - 1 change detected
2026-06-12 20:53:38,470 - watchfiles.main - 1 change detected
2026-06-12 20:53:38,877 - watchfiles.main - 1 change detected
2026-06-12 20:53:39,281 - watchfiles.main - 1 change detected
2026-06-12 20:53:39,687 - watchfiles.main - 1 change detected
2026-06-12 20:53:40,110 - watchfiles.main - 1 change detected
2026-06-12 20:53:40,516 - watchfiles.main - 1 change detected
2026-06-12 20:53:40,922 - watchfiles.main - 1 change detected
2026-06-12 20:53:41,328 - watchfiles.main - 1 change detected
2026-06-12 20:53:41,735 - watchfiles.main - 1 change detected
2026-06-12 20:53:42,142 - watchfiles.main - 1 change detected
2026-06-12 20:53:42,552 - watchfiles.main - 1 change detected
2026-06-12 20:53:42,961 - watchfiles.main - 1 change detected
2026-06-12 20:53:43,371 - watchfiles.main - 1 change detected
2026-06-12 20:53:43,786 - watchfiles.main - 1 change detected
2026-06-12 20:53:44,202 - watchfiles.main - 1 change detected
2026-06-12 20:53:44,610 - watchfiles.main - 1 change detected
2026-06-12 20:53:45,016 - watchfiles.main - 1 change detected
2026-06-12 20:53:45,423 - watchfiles.main - 1 change detected
2026-06-12 20:53:45,832 - watchfiles.main - 1 change detected
2026-06-12 20:53:46,241 - watchfiles.main - 1 change detected
2026-06-12 20:53:46,646 - watchfiles.main - 1 change detected
2026-06-12 20:53:47,062 - watchfiles.main - 1 change detected
2026-06-12 20:53:47,471 - watchfiles.main - 1 change detected
2026-06-12 20:53:47,885 - watchfiles.main - 1 change detected
2026-06-12 20:53:48,303 - watchfiles.main - 1 change detected
2026-06-12 20:53:48,728 - watchfiles.main - 1 change detected
2026-06-12 20:53:49,090 - watchfiles.main - 1 change detected
2026-06-12 20:53:49,503 - watchfiles.main - 1 change detected
2026-06-12 20:53:49,922 - watchfiles.main - 1 change detected
2026-06-12 20:53:50,339 - watchfiles.main - 1 change detected
2026-06-12 20:53:50,753 - watchfiles.main - 1 change detected
2026-06-12 20:53:51,168 - watchfiles.main - 1 change detected
2026-06-12 20:53:51,578 - watchfiles.main - 1 change detected
2026-06-12 20:53:51,989 - watchfiles.main - 1 change detected
2026-06-12 20:53:52,397 - watchfiles.main - 1 change detected
2026-06-12 20:53:52,758 - watchfiles.main - 1 change detected
2026-06-12 20:53:53,262 - watchfiles.main - 1 change detected
2026-06-12 20:53:53,627 - watchfiles.main - 1 change detected
2026-06-12 20:53:54,033 - watchfiles.main - 1 change detected
2026-06-12 20:53:54,450 - watchfiles.main - 1 change detected
2026-06-12 20:53:54,864 - watchfiles.main - 1 change detected
2026-06-12 20:53:55,282 - watchfiles.main - 1 change detected
2026-06-12 20:53:55,688 - watchfiles.main - 1 change detected
2026-06-12 20:53:56,099 - watchfiles.main - 1 change detected
2026-06-12 20:53:56,512 - watchfiles.main - 1 change detected
2026-06-12 20:53:56,914 - watchfiles.main - 1 change detected
2026-06-12 20:53:57,317 - watchfiles.main - 1 change detected
2026-06-12 20:53:57,720 - watchfiles.main - 1 change detected
2026-06-12 20:53:58,137 - watchfiles.main - 1 change detected
2026-06-12 20:53:58,495 - watchfiles.main - 1 change detected
2026-06-12 20:53:58,914 - watchfiles.main - 1 change detected
2026-06-12 20:53:59,343 - watchfiles.main - 1 change detected
2026-06-12 20:53:59,747 - watchfiles.main - 1 change detected
2026-06-12 20:54:00,115 - watchfiles.main - 1 change detected
2026-06-12 20:54:00,539 - watchfiles.main - 1 change detected
2026-06-12 20:54:00,954 - watchfiles.main - 1 change detected
2026-06-12 20:54:01,363 - watchfiles.main - 1 change detected
2026-06-12 20:54:01,728 - watchfiles.main - 1 change detected
2026-06-12 20:54:02,159 - watchfiles.main - 1 change detected
2026-06-12 20:54:02,611 - watchfiles.main - 1 change detected
2026-06-12 20:54:02,964 - watchfiles.main - 1 change detected
2026-06-12 20:54:03,383 - watchfiles.main - 1 change detected
2026-06-12 20:54:03,803 - watchfiles.main - 1 change detected
2026-06-12 20:54:04,211 - watchfiles.main - 1 change detected
2026-06-12 20:54:04,615 - watchfiles.main - 1 change detected
2026-06-12 20:54:05,031 - watchfiles.main - 1 change detected
2026-06-12 20:54:05,445 - watchfiles.main - 1 change detected
2026-06-12 20:54:05,876 - watchfiles.main - 1 change detected
2026-06-12 20:54:06,353 - watchfiles.main - 1 change detected
2026-06-12 20:54:06,767 - watchfiles.main - 1 change detected
2026-06-12 20:54:07,176 - watchfiles.main - 1 change detected
2026-06-12 20:54:07,543 - watchfiles.main - 1 change detected
2026-06-12 20:54:07,961 - watchfiles.main - 1 change detected
2026-06-12 20:54:08,374 - watchfiles.main - 1 change detected
2026-06-12 20:54:08,778 - watchfiles.main - 1 change detected
2026-06-12 20:54:09,183 - watchfiles.main - 1 change detected
2026-06-12 20:54:09,594 - watchfiles.main - 1 change detected
2026-06-12 20:54:10,050 - watchfiles.main - 1 change detected
2026-06-12 20:54:10,465 - watchfiles.main - 1 change detected
2026-06-13 10:39:40,631 - watchfiles.main - 3 changes detected
2026-06-13 10:39:44,630 - easyocr.easyocr - Neither CUDA nor MPS are available - defaulting to CPU. Note: This module is much faster with a GPU.
2026-06-13 10:40:06,748 - easyocr.easyocr - Neither CUDA nor MPS are available - defaulting to CPU. Note: This module is much faster with a GPU.
2026-06-13 10:42:28,516 - httpx - HTTP Request: POST https://pal-henry-acdbentity-execute.trycloudflare.com/generate "HTTP/1.1 200 OK"
2026-06-14 06:39:23,565 - watchfiles.main - 3 changes detected
2026-06-14 06:39:24,142 - watchfiles.main - 1 change detected
2026-06-14 06:39:25,547 - easyocr.easyocr - Neither CUDA nor MPS are available - defaulting to CPU. Note: This module is much faster with a GPU.
2026-06-14 06:39:46,735 - easyocr.easyocr - Neither CUDA nor MPS are available - defaulting to CPU. Note: This module is much faster with a GPU.
2026-06-14 06:42:14,047 - httpx - HTTP Request: POST https://footage-method-cartridge-hobbies.trycloudflare.com/generate "HTTP/1.1 200 OK"
2026-06-14 06:44:34,505 - watchfiles.main - 1 change detected
2026-06-14 06:46:54,090 - easyocr.easyocr - Neither CUDA nor MPS are available - defaulting to CPU. Note: This module is much faster with a GPU.
2026-06-14 06:47:16,275 - easyocr.easyocr - Neither CUDA nor MPS are available - defaulting to CPU. Note: This module is much faster with a GPU.
2026-06-14 06:49:36,925 - httpx - HTTP Request: POST https://footage-method-cartridge-hobbies.trycloudflare.com/generate "HTTP/1.1 200 OK"
2026-06-14 07:07:50,167 - watchfiles.main - 5 changes detected
2026-06-14 07:07:56,406 - watchfiles.main - 1 change detected
2026-06-14 07:08:17,769 - watchfiles.main - 2 changes detected
2026-06-14 07:08:21,730 - watchfiles.main - 5 changes detected
2026-06-14 07:09:39,355 - watchfiles.main - 3 changes detected
2026-06-14 07:09:40,145 - watchfiles.main - 1 change detected
2026-06-14 07:09:41,369 - easyocr.easyocr - Neither CUDA nor MPS are available - defaulting to CPU. Note: This module is much faster with a GPU.
2026-06-14 07:10:04,341 - easyocr.easyocr - Neither CUDA nor MPS are available - defaulting to CPU. Note: This module is much faster with a GPU.
2026-06-14 07:14:05,946 - watchfiles.main - 3 changes detected
2026-06-14 07:14:07,033 - watchfiles.main - 1 change detected
2026-06-14 07:14:08,138 - easyocr.easyocr - Neither CUDA nor MPS are available - defaulting to CPU. Note: This module is much faster with a GPU.
2026-06-14 07:14:29,474 - easyocr.easyocr - Neither CUDA nor MPS are available - defaulting to CPU. Note: This module is much faster with a GPU.
2026-06-14 07:19:58,220 - watchfiles.main - 1 change detected
2026-06-14 07:27:57,038 - easyocr.easyocr - Neither CUDA nor MPS are available - defaulting to CPU. Note: This module is much faster with a GPU.
2026-06-14 07:28:16,520 - easyocr.easyocr - Neither CUDA nor MPS are available - defaulting to CPU. Note: This module is much faster with a GPU.
2026-06-14 07:29:55,999 - google_genai.models - AFC is enabled with max remote calls: 10.
2026-06-14 07:30:10,212 - httpx - HTTP Request: POST https://generativelanguage.googleapis.com/v1beta/models/gemini-2.5-flash:generateContent "HTTP/1.1 200 OK"
2026-06-14 07:45:04,716 - easyocr.easyocr - Neither CUDA nor MPS are available - defaulting to CPU. Note: This module is much faster with a GPU.
2026-06-14 07:45:40,936 - easyocr.easyocr - Neither CUDA nor MPS are available - defaulting to CPU. Note: This module is much faster with a GPU.
2026-06-14 07:49:07,010 - watchfiles.main - 3 changes detected
2026-06-14 07:49:07,782 - watchfiles.main - 1 change detected
2026-06-14 07:49:09,108 - easyocr.easyocr - Neither CUDA nor MPS are available - defaulting to CPU. Note: This module is much faster with a GPU.
2026-06-14 07:49:32,386 - easyocr.easyocr - Neither CUDA nor MPS are available - defaulting to CPU. Note: This module is much faster with a GPU.
2026-06-14 07:51:13,856 - google_genai.models - AFC is enabled with max remote calls: 10.
2026-06-14 07:51:24,981 - httpx - HTTP Request: POST https://generativelanguage.googleapis.com/v1beta/models/gemini-2.5-flash:generateContent "HTTP/1.1 200 OK"
2026-06-14 08:07:08,528 - watchfiles.main - 1 change detected
2026-06-14 08:25:57,681 - easyocr.easyocr - Neither CUDA nor MPS are available - defaulting to CPU. Note: This module is much faster with a GPU.
2026-06-14 08:26:17,872 - easyocr.easyocr - Neither CUDA nor MPS are available - defaulting to CPU. Note: This module is much faster with a GPU.
2026-06-14 08:27:47,664 - watchfiles.main - 4 changes detected
2026-06-14 08:27:48,193 - easyocr.easyocr - Neither CUDA nor MPS are available - defaulting to CPU. Note: This module is much faster with a GPU.
2026-06-14 08:28:07,566 - easyocr.easyocr - Neither CUDA nor MPS are available - defaulting to CPU. Note: This module is much faster with a GPU.
2026-06-14 08:28:38,044 - watchfiles.main - 1 change detected
2026-06-14 08:28:38,503 - watchfiles.main - 1 change detected
2026-06-14 08:28:38,960 - watchfiles.main - 1 change detected
2026-06-14 08:28:39,468 - watchfiles.main - 1 change detected
2026-06-14 08:28:39,894 - watchfiles.main - 1 change detected
2026-06-14 08:28:40,460 - watchfiles.main - 1 change detected
2026-06-14 08:28:40,816 - watchfiles.main - 1 change detected
2026-06-14 08:28:41,267 - watchfiles.main - 1 change detected
2026-06-14 08:28:41,674 - watchfiles.main - 1 change detected
2026-06-14 08:28:42,079 - watchfiles.main - 1 change detected
2026-06-14 08:28:42,498 - watchfiles.main - 1 change detected
2026-06-14 08:28:42,850 - watchfiles.main - 1 change detected
2026-06-14 08:28:43,356 - watchfiles.main - 1 change detected
2026-06-14 08:28:43,769 - watchfiles.main - 1 change detected
2026-06-14 08:28:44,174 - watchfiles.main - 1 change detected
2026-06-14 08:28:44,542 - watchfiles.main - 1 change detected
2026-06-14 08:28:45,006 - watchfiles.main - 1 change detected
2026-06-14 08:28:45,367 - watchfiles.main - 1 change detected
2026-06-14 08:28:45,772 - watchfiles.main - 1 change detected
2026-06-14 08:28:46,193 - watchfiles.main - 1 change detected
2026-06-14 08:28:46,596 - watchfiles.main - 1 change detected
2026-06-14 08:28:47,007 - watchfiles.main - 1 change detected
2026-06-14 08:28:47,420 - watchfiles.main - 1 change detected
2026-06-14 08:28:47,785 - watchfiles.main - 1 change detected
2026-06-14 08:28:48,241 - watchfiles.main - 1 change detected
2026-06-14 08:28:48,654 - watchfiles.main - 1 change detected
2026-06-14 08:28:49,071 - watchfiles.main - 1 change detected
2026-06-14 08:28:49,496 - watchfiles.main - 1 change detected
2026-06-14 08:28:49,857 - watchfiles.main - 1 change detected
2026-06-14 08:28:50,276 - watchfiles.main - 1 change detected
2026-06-14 08:28:50,686 - watchfiles.main - 1 change detected
2026-06-14 08:28:51,108 - watchfiles.main - 1 change detected
2026-06-14 08:28:51,481 - watchfiles.main - 1 change detected
2026-06-14 08:28:51,896 - watchfiles.main - 1 change detected
2026-06-14 08:28:52,351 - watchfiles.main - 1 change detected
2026-06-14 08:28:52,809 - watchfiles.main - 1 change detected
2026-06-14 08:28:53,224 - watchfiles.main - 1 change detected
2026-06-14 08:28:53,641 - watchfiles.main - 1 change detected
2026-06-14 08:28:54,056 - watchfiles.main - 1 change detected
2026-06-14 08:28:54,473 - watchfiles.main - 1 change detected
2026-06-14 08:28:54,888 - watchfiles.main - 1 change detected
2026-06-14 08:28:55,307 - watchfiles.main - 1 change detected
2026-06-14 08:28:55,724 - watchfiles.main - 1 change detected
2026-06-14 08:28:56,160 - watchfiles.main - 1 change detected
2026-06-14 08:28:56,572 - watchfiles.main - 1 change detected
2026-06-14 08:28:56,982 - watchfiles.main - 1 change detected
2026-06-14 08:28:57,393 - watchfiles.main - 1 change detected
2026-06-14 08:28:57,807 - watchfiles.main - 1 change detected
2026-06-14 08:28:58,222 - watchfiles.main - 1 change detected
2026-06-14 08:28:58,640 - watchfiles.main - 1 change detected
2026-06-14 08:28:59,060 - watchfiles.main - 1 change detected
2026-06-14 08:28:59,472 - watchfiles.main - 1 change detected
2026-06-14 08:28:59,867 - watchfiles.main - 1 change detected
2026-06-14 08:29:00,279 - watchfiles.main - 1 change detected
2026-06-14 08:29:00,736 - watchfiles.main - 1 change detected
2026-06-14 08:29:01,196 - watchfiles.main - 1 change detected
2026-06-14 08:29:01,556 - watchfiles.main - 1 change detected
2026-06-14 08:29:01,982 - watchfiles.main - 1 change detected
2026-06-14 08:29:02,456 - watchfiles.main - 1 change detected
2026-06-14 08:29:02,873 - watchfiles.main - 1 change detected
2026-06-14 08:29:03,339 - watchfiles.main - 1 change detected
2026-06-14 08:29:03,752 - watchfiles.main - 1 change detected
2026-06-14 08:29:04,167 - watchfiles.main - 1 change detected
2026-06-14 08:29:04,576 - watchfiles.main - 1 change detected
2026-06-14 08:29:05,036 - watchfiles.main - 1 change detected
2026-06-14 08:29:05,455 - watchfiles.main - 1 change detected
2026-06-14 08:29:05,866 - watchfiles.main - 1 change detected
2026-06-14 08:29:06,328 - watchfiles.main - 1 change detected
2026-06-14 08:29:06,732 - watchfiles.main - 1 change detected
2026-06-14 08:29:07,154 - watchfiles.main - 1 change detected
2026-06-14 08:29:07,570 - watchfiles.main - 1 change detected
2026-06-14 08:29:07,979 - watchfiles.main - 1 change detected
2026-06-14 08:29:08,386 - watchfiles.main - 1 change detected
2026-06-14 08:29:08,795 - watchfiles.main - 1 change detected
2026-06-14 08:29:09,200 - watchfiles.main - 1 change detected
2026-06-14 08:29:09,619 - watchfiles.main - 1 change detected
2026-06-14 08:29:10,056 - watchfiles.main - 1 change detected
2026-06-14 08:29:10,466 - watchfiles.main - 1 change detected
2026-06-14 08:29:10,869 - watchfiles.main - 1 change detected
2026-06-14 08:29:11,271 - watchfiles.main - 1 change detected
2026-06-14 08:29:11,679 - watchfiles.main - 1 change detected
2026-06-14 08:29:12,151 - watchfiles.main - 1 change detected
2026-06-14 08:29:12,527 - watchfiles.main - 1 change detected
2026-06-14 08:29:12,934 - watchfiles.main - 1 change detected
2026-06-14 08:29:13,344 - watchfiles.main - 1 change detected
2026-06-14 08:29:13,750 - watchfiles.main - 1 change detected
2026-06-14 08:29:14,215 - watchfiles.main - 1 change detected
2026-06-14 08:29:14,620 - watchfiles.main - 1 change detected
2026-06-14 08:29:15,075 - watchfiles.main - 1 change detected
2026-06-14 08:29:15,480 - watchfiles.main - 1 change detected
2026-06-14 08:29:15,884 - watchfiles.main - 1 change detected
2026-06-14 08:29:16,300 - watchfiles.main - 1 change detected
2026-06-14 08:29:16,715 - watchfiles.main - 1 change detected
2026-06-14 08:29:17,081 - watchfiles.main - 1 change detected
2026-06-14 08:29:17,486 - watchfiles.main - 1 change detected
2026-06-14 08:29:17,921 - watchfiles.main - 1 change detected
2026-06-14 08:29:18,290 - watchfiles.main - 1 change detected
2026-06-14 08:29:18,701 - watchfiles.main - 1 change detected
2026-06-14 08:29:19,110 - watchfiles.main - 1 change detected
2026-06-14 08:29:19,521 - watchfiles.main - 1 change detected
2026-06-14 08:29:19,927 - watchfiles.main - 1 change detected
2026-06-14 08:29:20,330 - watchfiles.main - 1 change detected
2026-06-14 08:29:20,699 - watchfiles.main - 1 change detected
2026-06-14 08:29:21,117 - watchfiles.main - 1 change detected
2026-06-14 08:29:21,534 - watchfiles.main - 1 change detected
2026-06-14 08:29:21,949 - watchfiles.main - 1 change detected
2026-06-14 08:29:22,365 - watchfiles.main - 1 change detected
2026-06-14 08:29:22,773 - watchfiles.main - 1 change detected
2026-06-14 08:29:23,182 - watchfiles.main - 1 change detected
2026-06-14 08:29:23,600 - watchfiles.main - 1 change detected
2026-06-14 08:29:23,959 - watchfiles.main - 1 change detected
2026-06-14 08:29:24,364 - watchfiles.main - 1 change detected
2026-06-14 08:29:24,776 - watchfiles.main - 1 change detected
2026-06-14 08:29:25,186 - watchfiles.main - 1 change detected
2026-06-14 08:29:25,593 - watchfiles.main - 1 change detected
2026-06-14 08:29:25,997 - watchfiles.main - 1 change detected
2026-06-14 08:29:26,466 - watchfiles.main - 1 change detected
2026-06-14 08:29:26,880 - watchfiles.main - 1 change detected
2026-06-14 08:29:27,246 - watchfiles.main - 1 change detected
2026-06-14 08:29:27,653 - watchfiles.main - 1 change detected
2026-06-14 08:29:28,069 - watchfiles.main - 1 change detected
2026-06-14 08:29:28,527 - watchfiles.main - 1 change detected
2026-06-14 08:29:28,908 - watchfiles.main - 1 change detected
2026-06-14 08:29:29,369 - watchfiles.main - 1 change detected
2026-06-14 08:29:29,779 - watchfiles.main - 1 change detected
2026-06-14 08:29:30,198 - watchfiles.main - 1 change detected
2026-06-14 08:29:30,613 - watchfiles.main - 1 change detected
2026-06-14 08:29:31,080 - watchfiles.main - 1 change detected
2026-06-14 08:29:31,497 - watchfiles.main - 1 change detected
2026-06-14 08:29:31,963 - watchfiles.main - 1 change detected
2026-06-14 08:29:32,380 - watchfiles.main - 1 change detected
2026-06-14 08:29:32,790 - watchfiles.main - 1 change detected
2026-06-14 08:29:33,195 - watchfiles.main - 1 change detected
2026-06-14 08:29:33,612 - watchfiles.main - 1 change detected
2026-06-14 08:29:34,028 - watchfiles.main - 1 change detected
2026-06-14 08:29:34,497 - watchfiles.main - 1 change detected
2026-06-14 08:29:34,909 - watchfiles.main - 1 change detected
2026-06-14 08:29:35,313 - watchfiles.main - 1 change detected
2026-06-14 08:29:35,729 - watchfiles.main - 1 change detected
2026-06-14 08:29:36,196 - watchfiles.main - 1 change detected
2026-06-14 08:29:36,611 - watchfiles.main - 1 change detected
2026-06-14 08:29:37,025 - watchfiles.main - 1 change detected
2026-06-14 08:29:37,429 - watchfiles.main - 1 change detected
2026-06-14 08:29:37,845 - watchfiles.main - 1 change detected
2026-06-14 08:29:38,257 - watchfiles.main - 1 change detected
2026-06-14 08:29:38,662 - watchfiles.main - 1 change detected
2026-06-14 08:29:39,078 - watchfiles.main - 1 change detected
2026-06-14 08:29:39,495 - watchfiles.main - 1 change detected
2026-06-14 08:29:39,910 - watchfiles.main - 1 change detected
2026-06-14 08:29:40,375 - watchfiles.main - 1 change detected
2026-06-14 08:29:40,781 - watchfiles.main - 1 change detected
2026-06-14 08:29:41,242 - watchfiles.main - 1 change detected
2026-06-14 08:29:41,661 - watchfiles.main - 1 change detected
2026-06-14 08:29:42,065 - watchfiles.main - 1 change detected
2026-06-14 08:29:42,477 - watchfiles.main - 1 change detected
2026-06-14 08:29:42,894 - watchfiles.main - 1 change detected
2026-06-14 08:29:43,361 - watchfiles.main - 1 change detected
2026-06-14 08:29:43,827 - watchfiles.main - 1 change detected
2026-06-14 08:29:44,240 - watchfiles.main - 1 change detected
2026-06-14 08:29:44,644 - watchfiles.main - 1 change detected
2026-06-14 08:29:45,058 - watchfiles.main - 1 change detected
2026-06-14 08:29:45,477 - watchfiles.main - 1 change detected
2026-06-14 08:29:45,891 - watchfiles.main - 1 change detected
2026-06-14 08:29:46,309 - watchfiles.main - 1 change detected
2026-06-14 08:29:46,725 - watchfiles.main - 1 change detected
2026-06-14 08:29:47,142 - watchfiles.main - 1 change detected
2026-06-14 08:29:47,579 - watchfiles.main - 1 change detected
2026-06-14 08:29:47,993 - watchfiles.main - 1 change detected
2026-06-14 08:29:48,409 - watchfiles.main - 1 change detected
2026-06-14 08:29:48,826 - watchfiles.main - 1 change detected
2026-06-14 08:29:49,241 - watchfiles.main - 1 change detected
2026-06-14 08:29:49,647 - watchfiles.main - 1 change detected
2026-06-14 08:29:50,056 - watchfiles.main - 1 change detected
2026-06-14 08:29:50,466 - watchfiles.main - 1 change detected
2026-06-14 08:29:50,883 - watchfiles.main - 1 change detected
2026-06-14 08:29:51,338 - watchfiles.main - 1 change detected
2026-06-14 08:29:51,758 - watchfiles.main - 1 change detected
2026-06-14 08:29:52,116 - watchfiles.main - 1 change detected
2026-06-14 08:29:52,574 - watchfiles.main - 1 change detected
2026-06-14 08:29:52,935 - watchfiles.main - 1 change detected
2026-06-14 08:29:53,342 - watchfiles.main - 1 change detected
2026-06-14 08:29:53,757 - watchfiles.main - 1 change detected
2026-06-14 08:29:54,171 - watchfiles.main - 1 change detected
2026-06-14 08:29:54,579 - watchfiles.main - 1 change detected
2026-06-14 08:29:54,983 - watchfiles.main - 1 change detected
2026-06-14 08:29:55,389 - watchfiles.main - 1 change detected
2026-06-14 08:29:55,800 - watchfiles.main - 1 change detected
2026-06-14 08:29:56,212 - watchfiles.main - 1 change detected
2026-06-14 08:29:56,669 - watchfiles.main - 1 change detected
2026-06-14 08:29:57,026 - watchfiles.main - 1 change detected
2026-06-14 08:29:57,453 - watchfiles.main - 1 change detected
2026-06-14 08:29:57,867 - watchfiles.main - 1 change detected
2026-06-14 08:29:58,310 - watchfiles.main - 1 change detected
2026-06-14 08:29:58,681 - watchfiles.main - 1 change detected
2026-06-14 08:29:59,089 - watchfiles.main - 1 change detected
2026-06-14 08:29:59,541 - watchfiles.main - 1 change detected
2026-06-14 08:29:59,917 - watchfiles.main - 1 change detected
2026-06-14 08:30:00,325 - watchfiles.main - 1 change detected
2026-06-14 08:30:00,744 - watchfiles.main - 1 change detected
2026-06-14 08:30:01,156 - watchfiles.main - 1 change detected
2026-06-14 08:30:01,574 - watchfiles.main - 1 change detected
2026-06-14 08:30:01,991 - watchfiles.main - 1 change detected
2026-06-14 08:30:02,448 - watchfiles.main - 1 change detected
2026-06-14 08:30:02,854 - watchfiles.main - 1 change detected
2026-06-14 08:30:03,273 - watchfiles.main - 1 change detected
2026-06-14 08:30:03,683 - watchfiles.main - 1 change detected
2026-06-14 08:30:04,140 - watchfiles.main - 1 change detected
2026-06-14 08:30:04,556 - watchfiles.main - 1 change detected
2026-06-14 08:30:04,970 - watchfiles.main - 1 change detected
2026-06-14 08:30:05,398 - watchfiles.main - 1 change detected
2026-06-14 08:30:05,809 - watchfiles.main - 1 change detected
2026-06-14 08:30:06,177 - watchfiles.main - 1 change detected
2026-06-14 08:30:06,638 - watchfiles.main - 1 change detected
2026-06-14 08:30:07,058 - watchfiles.main - 1 change detected
2026-06-14 08:30:07,514 - watchfiles.main - 1 change detected
2026-06-14 08:30:07,924 - watchfiles.main - 1 change detected
2026-06-14 08:30:08,392 - watchfiles.main - 1 change detected
2026-06-14 08:30:08,803 - watchfiles.main - 1 change detected
2026-06-14 08:30:09,164 - watchfiles.main - 1 change detected
2026-06-14 08:30:09,623 - watchfiles.main - 1 change detected
2026-06-14 08:30:10,032 - watchfiles.main - 1 change detected
2026-06-14 08:30:10,505 - watchfiles.main - 1 change detected
2026-06-14 08:30:10,920 - watchfiles.main - 1 change detected
2026-06-14 08:30:11,331 - watchfiles.main - 1 change detected
2026-06-14 08:30:11,733 - watchfiles.main - 1 change detected
2026-06-14 08:30:12,190 - watchfiles.main - 1 change detected
2026-06-14 08:30:12,599 - watchfiles.main - 1 change detected
2026-06-14 08:30:12,958 - watchfiles.main - 1 change detected
2026-06-14 08:30:13,424 - watchfiles.main - 1 change detected
2026-06-14 08:30:13,836 - watchfiles.main - 1 change detected
2026-06-14 08:30:14,254 - watchfiles.main - 1 change detected
2026-06-14 08:30:14,667 - watchfiles.main - 1 change detected
2026-06-14 08:30:15,035 - watchfiles.main - 1 change detected
2026-06-14 08:30:15,493 - watchfiles.main - 1 change detected
2026-06-14 08:30:15,904 - watchfiles.main - 1 change detected
2026-06-14 08:30:16,307 - watchfiles.main - 1 change detected
2026-06-14 08:30:16,683 - watchfiles.main - 1 change detected
2026-06-14 08:30:17,105 - watchfiles.main - 1 change detected
2026-06-14 08:30:17,519 - watchfiles.main - 1 change detected
2026-06-14 08:30:17,938 - watchfiles.main - 1 change detected
2026-06-14 08:30:18,362 - watchfiles.main - 1 change detected
2026-06-14 08:30:18,823 - watchfiles.main - 1 change detected
2026-06-14 08:30:19,286 - watchfiles.main - 1 change detected
2026-06-14 08:30:19,705 - watchfiles.main - 1 change detected
2026-06-14 08:30:20,112 - watchfiles.main - 1 change detected
2026-06-14 08:30:20,514 - watchfiles.main - 1 change detected
2026-06-14 08:30:21,121 - watchfiles.main - 1 change detected
2026-06-14 08:30:21,628 - watchfiles.main - 1 change detected
2026-06-14 08:30:22,040 - watchfiles.main - 1 change detected
2026-06-14 08:30:22,502 - watchfiles.main - 1 change detected
2026-06-14 08:30:23,018 - watchfiles.main - 1 change detected
2026-06-14 08:30:23,435 - watchfiles.main - 1 change detected
2026-06-14 08:30:23,851 - watchfiles.main - 1 change detected
2026-06-14 08:30:24,261 - watchfiles.main - 1 change detected
2026-06-14 08:30:24,672 - watchfiles.main - 1 change detected
2026-06-14 08:30:25,091 - watchfiles.main - 1 change detected
2026-06-14 08:30:25,502 - watchfiles.main - 1 change detected
2026-06-14 08:30:25,917 - watchfiles.main - 1 change detected
2026-06-14 08:30:26,320 - watchfiles.main - 1 change detected
2026-06-14 08:30:26,734 - watchfiles.main - 1 change detected
2026-06-14 08:30:27,152 - watchfiles.main - 1 change detected
2026-06-14 08:30:27,567 - watchfiles.main - 1 change detected
2026-06-14 08:30:27,984 - watchfiles.main - 1 change detected
2026-06-14 08:30:28,402 - watchfiles.main - 1 change detected
2026-06-14 08:30:28,807 - watchfiles.main - 1 change detected
2026-06-14 08:30:29,211 - watchfiles.main - 1 change detected
2026-06-14 08:30:29,578 - watchfiles.main - 1 change detected
2026-06-14 08:30:29,996 - watchfiles.main - 1 change detected
2026-06-14 08:30:30,418 - watchfiles.main - 1 change detected
2026-06-14 08:30:30,841 - watchfiles.main - 1 change detected
2026-06-14 08:30:31,210 - watchfiles.main - 1 change detected
2026-06-14 08:30:31,624 - watchfiles.main - 1 change detected
2026-06-14 08:30:32,085 - watchfiles.main - 1 change detected
2026-06-14 08:30:32,442 - watchfiles.main - 1 change detected
2026-06-14 08:30:32,848 - watchfiles.main - 1 change detected
2026-06-14 08:30:33,258 - watchfiles.main - 1 change detected
2026-06-14 08:30:33,720 - watchfiles.main - 1 change detected
2026-06-14 08:30:34,134 - watchfiles.main - 1 change detected
2026-06-14 08:30:34,557 - watchfiles.main - 1 change detected
2026-06-14 08:30:34,962 - watchfiles.main - 1 change detected
2026-06-14 08:30:35,383 - watchfiles.main - 1 change detected
2026-06-14 08:30:35,800 - watchfiles.main - 1 change detected
2026-06-14 08:30:36,231 - watchfiles.main - 1 change detected
2026-06-14 08:30:36,701 - watchfiles.main - 1 change detected
2026-06-14 08:30:37,068 - watchfiles.main - 1 change detected
2026-06-14 08:30:37,484 - watchfiles.main - 1 change detected
2026-06-14 08:30:37,899 - watchfiles.main - 1 change detected
2026-06-14 08:30:38,371 - watchfiles.main - 1 change detected
2026-06-14 08:30:38,775 - watchfiles.main - 1 change detected
2026-06-14 08:30:39,233 - watchfiles.main - 1 change detected
2026-06-14 08:30:39,650 - watchfiles.main - 1 change detected
2026-06-14 08:30:40,118 - watchfiles.main - 1 change detected
2026-06-14 08:30:40,632 - watchfiles.main - 1 change detected
2026-06-14 08:30:41,038 - watchfiles.main - 1 change detected
2026-06-14 08:30:41,498 - watchfiles.main - 1 change detected
2026-06-14 08:30:41,915 - watchfiles.main - 1 change detected
2026-06-14 08:30:42,321 - watchfiles.main - 1 change detected
2026-06-14 08:30:42,727 - watchfiles.main - 1 change detected
2026-06-14 08:30:43,148 - watchfiles.main - 1 change detected
2026-06-14 08:30:43,563 - watchfiles.main - 1 change detected
2026-06-14 08:30:43,980 - watchfiles.main - 1 change detected
2026-06-14 08:30:44,391 - watchfiles.main - 1 change detected
2026-06-14 08:30:44,847 - watchfiles.main - 1 change detected
2026-06-14 08:30:45,213 - watchfiles.main - 1 change detected
2026-06-14 08:30:45,683 - watchfiles.main - 1 change detected
2026-06-14 08:30:46,096 - watchfiles.main - 1 change detected
2026-06-14 08:30:46,513 - watchfiles.main - 1 change detected
2026-06-14 08:30:46,931 - watchfiles.main - 1 change detected
2026-06-14 08:30:47,351 - watchfiles.main - 1 change detected
2026-06-14 08:30:47,763 - watchfiles.main - 1 change detected
2026-06-14 08:30:48,230 - watchfiles.main - 1 change detected
2026-06-14 08:30:48,635 - watchfiles.main - 1 change detected
2026-06-14 08:30:49,098 - watchfiles.main - 1 change detected
2026-06-14 08:30:49,508 - watchfiles.main - 1 change detected
2026-06-14 08:30:49,929 - watchfiles.main - 1 change detected
2026-06-14 08:30:50,333 - watchfiles.main - 1 change detected
2026-06-14 08:30:50,747 - watchfiles.main - 1 change detected
2026-06-14 08:30:51,163 - watchfiles.main - 1 change detected
2026-06-14 08:30:51,617 - watchfiles.main - 1 change detected
2026-06-14 08:30:52,028 - watchfiles.main - 1 change detected
2026-06-14 08:30:52,383 - watchfiles.main - 1 change detected
2026-06-14 08:30:52,796 - watchfiles.main - 1 change detected
2026-06-14 08:30:53,229 - watchfiles.main - 1 change detected
2026-06-14 08:30:53,695 - watchfiles.main - 1 change detected
2026-06-14 08:30:54,061 - watchfiles.main - 1 change detected
2026-06-14 08:30:54,526 - watchfiles.main - 1 change detected
2026-06-14 08:30:54,946 - watchfiles.main - 1 change detected
2026-06-14 08:30:55,412 - watchfiles.main - 1 change detected
2026-06-14 08:30:55,820 - watchfiles.main - 1 change detected
2026-06-14 08:30:56,224 - watchfiles.main - 1 change detected
2026-06-14 08:30:56,641 - watchfiles.main - 1 change detected
2026-06-14 08:30:57,048 - watchfiles.main - 1 change detected
2026-06-14 08:30:57,465 - watchfiles.main - 1 change detected
2026-06-14 08:30:57,885 - watchfiles.main - 1 change detected
2026-06-14 08:30:58,298 - watchfiles.main - 1 change detected
2026-06-14 08:30:58,720 - watchfiles.main - 1 change detected
2026-06-14 08:30:59,175 - watchfiles.main - 1 change detected
2026-06-14 08:30:59,593 - watchfiles.main - 1 change detected
2026-06-14 08:30:59,963 - watchfiles.main - 1 change detected
2026-06-14 08:31:00,387 - watchfiles.main - 1 change detected
2026-06-14 08:31:00,843 - watchfiles.main - 1 change detected
2026-06-14 08:31:01,260 - watchfiles.main - 1 change detected
2026-06-14 08:31:01,676 - watchfiles.main - 1 change detected
2026-06-14 08:31:02,092 - watchfiles.main - 1 change detected
2026-06-14 08:31:02,559 - watchfiles.main - 1 change detected
2026-06-14 08:31:02,976 - watchfiles.main - 1 change detected
2026-06-14 08:31:03,342 - watchfiles.main - 1 change detected
2026-06-14 08:31:03,809 - watchfiles.main - 1 change detected
2026-06-14 08:31:04,225 - watchfiles.main - 1 change detected
2026-06-14 08:31:04,641 - watchfiles.main - 1 change detected
2026-06-14 08:31:05,072 - watchfiles.main - 1 change detected
2026-06-14 08:31:05,490 - watchfiles.main - 1 change detected
2026-06-14 08:31:05,907 - watchfiles.main - 1 change detected
2026-06-14 08:31:06,328 - watchfiles.main - 1 change detected
2026-06-14 08:31:06,742 - watchfiles.main - 1 change detected
2026-06-14 08:31:07,158 - watchfiles.main - 1 change detected
2026-06-14 08:31:07,611 - watchfiles.main - 1 change detected
2026-06-14 08:31:07,974 - watchfiles.main - 1 change detected
2026-06-14 08:31:08,394 - watchfiles.main - 1 change detected
2026-06-14 08:31:08,806 - watchfiles.main - 1 change detected
2026-06-14 08:31:09,224 - watchfiles.main - 1 change detected
2026-06-14 08:31:09,598 - watchfiles.main - 1 change detected
2026-06-14 08:31:10,060 - watchfiles.main - 1 change detected
2026-06-14 08:31:10,471 - watchfiles.main - 1 change detected
2026-06-14 08:31:10,885 - watchfiles.main - 1 change detected
2026-06-14 08:31:11,310 - watchfiles.main - 1 change detected
2026-06-14 08:31:11,725 - watchfiles.main - 1 change detected
2026-06-14 08:31:12,141 - watchfiles.main - 1 change detected
2026-06-14 08:31:12,556 - watchfiles.main - 1 change detected
2026-06-14 08:31:12,971 - watchfiles.main - 1 change detected
2026-06-14 08:31:13,347 - watchfiles.main - 1 change detected
2026-06-14 08:31:13,755 - watchfiles.main - 1 change detected
2026-06-14 08:31:14,175 - watchfiles.main - 1 change detected
2026-06-14 08:31:14,594 - watchfiles.main - 1 change detected
2026-06-14 08:31:15,058 - watchfiles.main - 1 change detected
2026-06-14 08:31:15,473 - watchfiles.main - 1 change detected
2026-06-14 08:31:15,932 - watchfiles.main - 1 change detected
2026-06-14 08:31:16,303 - watchfiles.main - 1 change detected
2026-06-14 08:31:16,764 - watchfiles.main - 1 change detected
2026-06-14 08:31:17,169 - watchfiles.main - 1 change detected
2026-06-14 08:31:17,586 - watchfiles.main - 1 change detected
2026-06-14 08:31:18,005 - watchfiles.main - 1 change detected
2026-06-14 08:31:18,425 - watchfiles.main - 1 change detected
2026-06-14 08:31:18,839 - watchfiles.main - 1 change detected
2026-06-14 08:31:19,304 - watchfiles.main - 1 change detected
2026-06-14 08:31:19,722 - watchfiles.main - 1 change detected
2026-06-14 08:31:20,138 - watchfiles.main - 1 change detected
2026-06-14 08:31:20,555 - watchfiles.main - 1 change detected
2026-06-14 08:31:21,022 - watchfiles.main - 1 change detected
2026-06-14 08:31:21,430 - watchfiles.main - 1 change detected
2026-06-14 08:31:21,889 - watchfiles.main - 1 change detected
2026-06-14 08:31:22,304 - watchfiles.main - 1 change detected
2026-06-14 08:31:22,721 - watchfiles.main - 1 change detected
2026-06-14 08:31:23,135 - watchfiles.main - 1 change detected
2026-06-14 08:31:23,562 - watchfiles.main - 1 change detected
2026-06-14 08:31:23,970 - watchfiles.main - 1 change detected
2026-06-14 08:31:24,387 - watchfiles.main - 1 change detected
2026-06-14 08:31:24,802 - watchfiles.main - 1 change detected
2026-06-14 08:31:25,221 - watchfiles.main - 1 change detected
2026-06-14 08:31:25,647 - watchfiles.main - 1 change detected
2026-06-14 08:31:26,056 - watchfiles.main - 1 change detected
2026-06-14 08:31:26,413 - watchfiles.main - 1 change detected
2026-06-14 08:31:26,870 - watchfiles.main - 1 change detected
2026-06-14 08:31:27,288 - watchfiles.main - 1 change detected
2026-06-14 08:31:27,701 - watchfiles.main - 1 change detected
2026-06-14 08:31:28,119 - watchfiles.main - 1 change detected
2026-06-14 08:31:28,538 - watchfiles.main - 1 change detected
2026-06-14 08:31:28,952 - watchfiles.main - 1 change detected
2026-06-14 08:31:29,369 - watchfiles.main - 1 change detected
2026-06-14 08:31:29,835 - watchfiles.main - 1 change detected
2026-06-14 08:31:30,238 - watchfiles.main - 1 change detected
2026-06-14 08:31:30,652 - watchfiles.main - 1 change detected
2026-06-14 08:31:31,062 - watchfiles.main - 1 change detected
2026-06-14 08:31:31,475 - watchfiles.main - 1 change detected
2026-06-14 08:31:31,889 - watchfiles.main - 1 change detected
2026-06-14 08:31:32,351 - watchfiles.main - 1 change detected
2026-06-14 08:31:32,763 - watchfiles.main - 1 change detected
2026-06-14 08:31:33,181 - watchfiles.main - 1 change detected
2026-06-14 08:31:33,595 - watchfiles.main - 1 change detected
2026-06-14 08:31:34,040 - watchfiles.main - 1 change detected
2026-06-14 08:31:34,450 - watchfiles.main - 1 change detected
2026-06-14 08:31:34,815 - watchfiles.main - 1 change detected
2026-06-14 08:31:35,234 - watchfiles.main - 1 change detected
2026-06-14 08:31:35,654 - watchfiles.main - 1 change detected
2026-06-14 08:31:36,068 - watchfiles.main - 1 change detected
2026-06-14 08:31:36,483 - watchfiles.main - 1 change detected
2026-06-14 08:31:36,899 - watchfiles.main - 1 change detected
2026-06-14 08:31:37,368 - watchfiles.main - 1 change detected
2026-06-14 08:31:37,786 - watchfiles.main - 1 change detected
2026-06-14 08:31:38,206 - watchfiles.main - 1 change detected
2026-06-14 08:31:38,617 - watchfiles.main - 1 change detected
2026-06-14 08:31:39,032 - watchfiles.main - 1 change detected
2026-06-14 08:31:39,443 - watchfiles.main - 1 change detected
2026-06-14 08:31:39,898 - watchfiles.main - 1 change detected
2026-06-14 08:31:40,303 - watchfiles.main - 1 change detected
2026-06-14 08:31:40,719 - watchfiles.main - 1 change detected
2026-06-14 08:31:41,134 - watchfiles.main - 1 change detected
2026-06-14 08:31:41,549 - watchfiles.main - 1 change detected
2026-06-14 08:31:41,967 - watchfiles.main - 1 change detected
2026-06-14 08:31:42,357 - watchfiles.main - 1 change detected
2026-06-14 08:31:42,822 - watchfiles.main - 1 change detected
2026-06-14 08:31:43,238 - watchfiles.main - 1 change detected
2026-06-14 08:31:43,648 - watchfiles.main - 1 change detected
2026-06-14 08:31:44,004 - watchfiles.main - 1 change detected
2026-06-14 08:31:44,413 - watchfiles.main - 1 change detected
2026-06-14 08:31:44,869 - watchfiles.main - 1 change detected
2026-06-14 08:31:45,285 - watchfiles.main - 1 change detected
2026-06-14 08:31:45,701 - watchfiles.main - 1 change detected
2026-06-14 08:31:46,120 - watchfiles.main - 1 change detected
2026-06-14 08:31:46,525 - watchfiles.main - 1 change detected
2026-06-14 08:31:46,942 - watchfiles.main - 1 change detected
2026-06-14 08:31:47,347 - watchfiles.main - 1 change detected
2026-06-14 08:31:47,805 - watchfiles.main - 1 change detected
2026-06-14 08:31:48,214 - watchfiles.main - 1 change detected
2026-06-14 08:31:48,601 - watchfiles.main - 1 change detected
2026-06-14 08:31:49,015 - watchfiles.main - 1 change detected
2026-06-14 08:31:49,430 - watchfiles.main - 1 change detected
2026-06-14 08:31:49,896 - watchfiles.main - 1 change detected
2026-06-14 08:31:50,305 - watchfiles.main - 1 change detected
2026-06-14 08:31:50,715 - watchfiles.main - 1 change detected
2026-06-14 08:31:51,121 - watchfiles.main - 1 change detected
2026-06-14 08:31:51,591 - watchfiles.main - 1 change detected
2026-06-14 08:31:52,006 - watchfiles.main - 1 change detected
2026-06-14 08:31:52,414 - watchfiles.main - 1 change detected
2026-06-14 08:31:52,829 - watchfiles.main - 1 change detected
2026-06-14 08:31:53,245 - watchfiles.main - 1 change detected
2026-06-14 08:31:53,653 - watchfiles.main - 1 change detected
2026-06-14 08:31:54,058 - watchfiles.main - 1 change detected
2026-06-14 08:31:54,563 - watchfiles.main - 1 change detected
2026-06-14 08:31:54,976 - watchfiles.main - 1 change detected
2026-06-14 08:31:55,357 - watchfiles.main - 1 change detected
2026-06-14 08:31:55,813 - watchfiles.main - 1 change detected
2026-06-14 08:31:56,264 - watchfiles.main - 1 change detected
2026-06-14 08:31:56,666 - watchfiles.main - 1 change detected
2026-06-14 08:31:57,119 - watchfiles.main - 1 change detected
2026-06-14 08:31:57,529 - watchfiles.main - 1 change detected
2026-06-14 08:31:57,945 - watchfiles.main - 1 change detected
2026-06-14 08:31:58,350 - watchfiles.main - 1 change detected
2026-06-14 08:31:58,800 - watchfiles.main - 1 change detected
2026-06-14 08:31:59,163 - watchfiles.main - 1 change detected
2026-06-14 08:31:59,629 - watchfiles.main - 1 change detected
2026-06-14 08:32:00,004 - watchfiles.main - 1 change detected
2026-06-14 08:32:00,471 - watchfiles.main - 1 change detected
2026-06-14 08:32:00,888 - watchfiles.main - 1 change detected
2026-06-14 08:32:01,301 - watchfiles.main - 1 change detected
2026-06-14 08:32:01,721 - watchfiles.main - 1 change detected
2026-06-14 08:32:02,133 - watchfiles.main - 1 change detected
2026-06-14 08:32:02,587 - watchfiles.main - 1 change detected
2026-06-14 08:32:02,995 - watchfiles.main - 1 change detected
2026-06-14 08:32:03,361 - watchfiles.main - 1 change detected
2026-06-14 08:32:03,774 - watchfiles.main - 1 change detected
2026-06-14 08:32:04,188 - watchfiles.main - 1 change detected
2026-06-14 08:32:04,648 - watchfiles.main - 1 change detected
2026-06-14 08:32:05,110 - watchfiles.main - 1 change detected
2026-06-14 08:32:05,540 - watchfiles.main - 1 change detected
2026-06-14 08:32:05,952 - watchfiles.main - 1 change detected
2026-06-14 08:32:06,366 - watchfiles.main - 1 change detected
2026-06-14 08:32:06,745 - watchfiles.main - 1 change detected
2026-06-14 08:32:07,208 - watchfiles.main - 1 change detected
2026-06-14 08:32:07,611 - watchfiles.main - 1 change detected
2026-06-14 08:32:08,019 - watchfiles.main - 1 change detected
2026-06-14 08:32:08,424 - watchfiles.main - 1 change detected
2026-06-14 08:32:08,828 - watchfiles.main - 1 change detected
2026-06-14 08:32:09,235 - watchfiles.main - 1 change detected
2026-06-14 08:32:09,639 - watchfiles.main - 1 change detected
2026-06-14 08:32:10,051 - watchfiles.main - 1 change detected
2026-06-14 08:32:10,456 - watchfiles.main - 1 change detected
2026-06-14 08:32:10,877 - watchfiles.main - 1 change detected
2026-06-14 08:32:11,335 - watchfiles.main - 1 change detected
2026-06-14 08:32:11,740 - watchfiles.main - 1 change detected
2026-06-14 08:32:12,158 - watchfiles.main - 1 change detected
2026-06-14 08:32:12,575 - watchfiles.main - 1 change detected
2026-06-14 08:32:12,980 - watchfiles.main - 1 change detected
2026-06-14 08:32:13,347 - watchfiles.main - 1 change detected
2026-06-14 08:32:13,802 - watchfiles.main - 1 change detected
2026-06-14 08:32:14,156 - watchfiles.main - 1 change detected
2026-06-14 08:32:14,576 - watchfiles.main - 1 change detected
2026-06-14 08:32:14,991 - watchfiles.main - 1 change detected
2026-06-14 08:32:15,417 - watchfiles.main - 1 change detected
2026-06-14 08:32:15,825 - watchfiles.main - 1 change detected
2026-06-14 08:32:16,277 - watchfiles.main - 1 change detected
2026-06-14 08:32:16,690 - watchfiles.main - 1 change detected
2026-06-14 08:32:17,099 - watchfiles.main - 1 change detected
2026-06-14 08:32:17,507 - watchfiles.main - 1 change detected
2026-06-14 08:32:17,932 - watchfiles.main - 1 change detected
2026-06-14 08:32:18,394 - watchfiles.main - 1 change detected
2026-06-14 08:32:18,859 - watchfiles.main - 1 change detected
2026-06-14 08:32:19,277 - watchfiles.main - 1 change detected
2026-06-14 08:32:19,748 - watchfiles.main - 1 change detected
2026-06-14 08:32:20,110 - watchfiles.main - 1 change detected
2026-06-14 08:32:20,524 - watchfiles.main - 1 change detected
2026-06-14 08:32:21,038 - watchfiles.main - 1 change detected
2026-06-14 08:32:21,393 - watchfiles.main - 1 change detected
2026-06-14 08:32:21,810 - watchfiles.main - 1 change detected
2026-06-14 08:32:22,223 - watchfiles.main - 1 change detected
2026-06-14 08:32:22,641 - watchfiles.main - 1 change detected
2026-06-14 08:32:23,057 - watchfiles.main - 1 change detected
2026-06-14 08:32:23,473 - watchfiles.main - 1 change detected
2026-06-14 08:32:23,892 - watchfiles.main - 1 change detected
2026-06-14 08:32:24,357 - watchfiles.main - 1 change detected
2026-06-14 08:32:24,771 - watchfiles.main - 1 change detected
2026-06-14 08:32:25,188 - watchfiles.main - 1 change detected
2026-06-14 08:32:25,605 - watchfiles.main - 1 change detected
2026-06-14 08:32:26,023 - watchfiles.main - 1 change detected
2026-06-14 08:32:26,439 - watchfiles.main - 1 change detected
2026-06-14 08:32:26,856 - watchfiles.main - 1 change detected
2026-06-14 08:32:27,272 - watchfiles.main - 1 change detected
2026-06-14 08:32:27,677 - watchfiles.main - 1 change detected
2026-06-14 08:32:28,088 - watchfiles.main - 1 change detected
2026-06-14 08:32:28,505 - watchfiles.main - 1 change detected
2026-06-14 08:32:28,954 - watchfiles.main - 1 change detected
2026-06-14 08:32:29,370 - watchfiles.main - 1 change detected
2026-06-14 08:32:29,840 - watchfiles.main - 1 change detected
2026-06-14 08:32:30,263 - watchfiles.main - 1 change detected
2026-06-14 08:32:30,677 - watchfiles.main - 1 change detected
2026-06-14 08:32:31,230 - watchfiles.main - 1 change detected
2026-06-14 08:32:31,640 - watchfiles.main - 1 change detected
2026-06-14 08:32:32,058 - watchfiles.main - 1 change detected
2026-06-14 08:32:32,521 - watchfiles.main - 1 change detected
2026-06-14 08:32:32,891 - watchfiles.main - 1 change detected
2026-06-14 08:32:33,308 - watchfiles.main - 1 change detected
2026-06-14 08:32:33,720 - watchfiles.main - 1 change detected
2026-06-14 08:32:34,154 - watchfiles.main - 1 change detected
2026-06-14 08:32:34,573 - watchfiles.main - 1 change detected
2026-06-14 08:32:34,986 - watchfiles.main - 1 change detected
2026-06-14 08:32:35,403 - watchfiles.main - 1 change detected
2026-06-14 08:32:35,820 - watchfiles.main - 1 change detected
2026-06-14 08:32:36,239 - watchfiles.main - 1 change detected
2026-06-14 08:32:36,703 - watchfiles.main - 1 change detected
2026-06-14 08:32:37,110 - watchfiles.main - 1 change detected
2026-06-14 08:32:37,520 - watchfiles.main - 1 change detected
2026-06-14 08:32:37,924 - watchfiles.main - 1 change detected
2026-06-14 08:32:38,338 - watchfiles.main - 1 change detected
2026-06-14 08:32:38,754 - watchfiles.main - 1 change detected
2026-06-14 08:32:39,208 - watchfiles.main - 1 change detected
2026-06-14 08:32:39,620 - watchfiles.main - 1 change detected
2026-06-14 08:32:39,986 - watchfiles.main - 1 change detected
2026-06-14 08:32:40,453 - watchfiles.main - 1 change detected
2026-06-14 08:32:40,822 - watchfiles.main - 1 change detected
2026-06-14 08:32:41,283 - watchfiles.main - 1 change detected
2026-06-14 08:32:41,645 - watchfiles.main - 1 change detected
2026-06-14 08:32:42,060 - watchfiles.main - 1 change detected
2026-06-14 08:32:42,519 - watchfiles.main - 1 change detected
2026-06-14 08:32:42,977 - watchfiles.main - 1 change detected
2026-06-14 08:32:43,386 - watchfiles.main - 1 change detected
2026-06-14 08:32:43,795 - watchfiles.main - 1 change detected
2026-06-14 08:32:44,202 - watchfiles.main - 1 change detected
2026-06-14 08:32:44,619 - watchfiles.main - 1 change detected
2026-06-14 08:32:45,035 - watchfiles.main - 1 change detected
2026-06-14 08:32:45,491 - watchfiles.main - 1 change detected
2026-06-14 08:32:45,901 - watchfiles.main - 1 change detected
2026-06-14 08:32:46,310 - watchfiles.main - 1 change detected
2026-06-14 08:32:46,757 - watchfiles.main - 1 change detected
2026-06-14 08:32:47,167 - watchfiles.main - 1 change detected
2026-06-14 08:32:47,585 - watchfiles.main - 1 change detected
2026-06-14 08:32:48,001 - watchfiles.main - 1 change detected
2026-06-14 08:32:48,468 - watchfiles.main - 1 change detected
2026-06-14 08:32:48,834 - watchfiles.main - 1 change detected
2026-06-14 08:32:49,301 - watchfiles.main - 1 change detected
2026-06-14 08:32:49,717 - watchfiles.main - 1 change detected
2026-06-14 08:32:50,134 - watchfiles.main - 1 change detected
2026-06-14 08:32:50,543 - watchfiles.main - 1 change detected
2026-06-14 08:32:50,962 - watchfiles.main - 1 change detected
2026-06-14 08:32:51,421 - watchfiles.main - 1 change detected
2026-06-14 08:32:51,834 - watchfiles.main - 1 change detected
2026-06-14 08:32:52,200 - watchfiles.main - 1 change detected
2026-06-14 08:32:52,617 - watchfiles.main - 1 change detected
2026-06-14 08:32:53,033 - watchfiles.main - 1 change detected
2026-06-14 08:32:53,450 - watchfiles.main - 1 change detected
2026-06-14 08:32:53,867 - watchfiles.main - 1 change detected
2026-06-14 08:32:54,335 - watchfiles.main - 1 change detected
2026-06-14 08:32:54,750 - watchfiles.main - 1 change detected
2026-06-14 08:32:55,168 - watchfiles.main - 1 change detected
2026-06-14 08:32:55,621 - watchfiles.main - 1 change detected
2026-06-14 08:32:56,032 - watchfiles.main - 1 change detected
2026-06-14 08:32:56,443 - watchfiles.main - 1 change detected
2026-06-14 08:32:56,849 - watchfiles.main - 1 change detected
2026-06-14 08:32:57,266 - watchfiles.main - 1 change detected
2026-06-14 08:32:57,683 - watchfiles.main - 1 change detected
2026-06-14 08:32:58,091 - watchfiles.main - 1 change detected
2026-06-14 08:32:58,506 - watchfiles.main - 1 change detected
2026-06-14 08:32:58,915 - watchfiles.main - 1 change detected
2026-06-14 08:32:59,374 - watchfiles.main - 1 change detected
2026-06-14 08:32:59,780 - watchfiles.main - 1 change detected
2026-06-14 08:33:00,231 - watchfiles.main - 1 change detected
2026-06-14 08:33:00,650 - watchfiles.main - 1 change detected
2026-06-14 08:33:01,053 - watchfiles.main - 1 change detected
2026-06-14 08:33:01,516 - watchfiles.main - 1 change detected
2026-06-14 08:33:01,933 - watchfiles.main - 1 change detected
2026-06-14 08:33:02,348 - watchfiles.main - 1 change detected
2026-06-14 08:33:02,765 - watchfiles.main - 1 change detected
2026-06-14 08:33:03,180 - watchfiles.main - 1 change detected
2026-06-14 08:33:03,638 - watchfiles.main - 1 change detected
2026-06-14 08:33:04,049 - watchfiles.main - 1 change detected
2026-06-14 08:33:04,467 - watchfiles.main - 1 change detected
2026-06-14 08:33:04,880 - watchfiles.main - 1 change detected
2026-06-14 08:33:05,297 - watchfiles.main - 1 change detected
2026-06-14 08:33:05,718 - watchfiles.main - 1 change detected
2026-06-14 08:33:06,134 - watchfiles.main - 1 change detected
2026-06-14 08:33:06,547 - watchfiles.main - 1 change detected
2026-06-14 08:33:06,962 - watchfiles.main - 1 change detected
2026-06-14 08:33:07,379 - watchfiles.main - 1 change detected
2026-06-14 08:33:07,784 - watchfiles.main - 1 change detected
2026-06-14 08:33:08,196 - watchfiles.main - 1 change detected
2026-06-14 08:33:08,618 - watchfiles.main - 1 change detected
2026-06-14 08:33:09,031 - watchfiles.main - 1 change detected
2026-06-14 08:33:09,445 - watchfiles.main - 1 change detected
2026-06-14 08:33:09,905 - watchfiles.main - 1 change detected
2026-06-14 08:33:10,318 - watchfiles.main - 1 change detected
2026-06-14 08:33:10,781 - watchfiles.main - 1 change detected
2026-06-14 08:33:11,184 - watchfiles.main - 1 change detected
2026-06-14 08:33:11,585 - watchfiles.main - 1 change detected
2026-06-14 08:33:12,045 - watchfiles.main - 1 change detected
2026-06-14 08:33:12,462 - watchfiles.main - 1 change detected
2026-06-14 08:33:12,865 - watchfiles.main - 1 change detected
2026-06-14 08:33:13,279 - watchfiles.main - 1 change detected
2026-06-14 08:33:13,698 - watchfiles.main - 1 change detected
2026-06-14 08:33:14,110 - watchfiles.main - 1 change detected
2026-06-14 08:33:14,521 - watchfiles.main - 1 change detected
2026-06-14 08:33:14,928 - watchfiles.main - 1 change detected
2026-06-14 08:33:15,284 - watchfiles.main - 1 change detected
2026-06-14 08:33:15,745 - watchfiles.main - 1 change detected
2026-06-14 08:33:16,161 - watchfiles.main - 1 change detected
2026-06-14 08:33:16,577 - watchfiles.main - 1 change detected
2026-06-14 08:33:17,020 - watchfiles.main - 1 change detected
2026-06-14 08:33:17,429 - watchfiles.main - 1 change detected
2026-06-14 08:33:17,894 - watchfiles.main - 1 change detected
2026-06-14 08:33:18,259 - watchfiles.main - 1 change detected
2026-06-14 08:33:18,728 - watchfiles.main - 1 change detected
2026-06-14 08:33:19,144 - watchfiles.main - 1 change detected
2026-06-14 08:33:19,609 - watchfiles.main - 1 change detected
2026-06-14 08:33:20,014 - watchfiles.main - 1 change detected
2026-06-14 08:33:20,416 - watchfiles.main - 1 change detected
2026-06-14 08:33:20,828 - watchfiles.main - 1 change detected
2026-06-14 08:33:21,294 - watchfiles.main - 1 change detected
2026-06-14 08:33:21,709 - watchfiles.main - 1 change detected
2026-06-14 08:33:22,126 - watchfiles.main - 1 change detected
2026-06-14 08:33:22,544 - watchfiles.main - 1 change detected
2026-06-14 08:33:22,947 - watchfiles.main - 1 change detected
2026-06-14 08:33:23,358 - watchfiles.main - 1 change detected
2026-06-14 08:33:23,777 - watchfiles.main - 1 change detected
2026-06-14 08:33:24,193 - watchfiles.main - 1 change detected
2026-06-14 08:33:24,659 - watchfiles.main - 1 change detected
2026-06-14 08:33:25,076 - watchfiles.main - 1 change detected
2026-06-14 08:33:25,496 - watchfiles.main - 1 change detected
2026-06-14 08:33:25,964 - watchfiles.main - 1 change detected
2026-06-14 08:33:26,369 - watchfiles.main - 1 change detected
2026-06-14 08:33:26,875 - watchfiles.main - 1 change detected
2026-06-14 08:33:27,289 - watchfiles.main - 1 change detected
2026-06-14 08:33:27,708 - watchfiles.main - 1 change detected
2026-06-14 08:33:28,124 - watchfiles.main - 1 change detected
2026-06-14 08:33:28,541 - watchfiles.main - 1 change detected
2026-06-14 08:33:28,947 - watchfiles.main - 1 change detected
2026-06-14 08:33:29,355 - watchfiles.main - 1 change detected
2026-06-14 08:33:29,777 - watchfiles.main - 1 change detected
2026-06-14 08:33:30,239 - watchfiles.main - 1 change detected
2026-06-14 08:33:30,610 - watchfiles.main - 1 change detected
2026-06-14 08:33:31,028 - watchfiles.main - 1 change detected
2026-06-14 08:33:31,448 - watchfiles.main - 1 change detected
2026-06-14 08:33:31,866 - watchfiles.main - 1 change detected
2026-06-14 08:33:32,288 - watchfiles.main - 1 change detected
2026-06-14 08:33:32,705 - watchfiles.main - 1 change detected
2026-06-14 08:33:33,114 - watchfiles.main - 1 change detected
2026-06-14 08:33:33,571 - watchfiles.main - 1 change detected
2026-06-14 08:33:33,998 - watchfiles.main - 1 change detected
2026-06-14 08:33:34,409 - watchfiles.main - 1 change detected
2026-06-14 08:33:34,825 - watchfiles.main - 1 change detected
2026-06-14 08:33:35,239 - watchfiles.main - 1 change detected
2026-06-14 08:33:35,698 - watchfiles.main - 1 change detected
2026-06-14 08:33:36,105 - watchfiles.main - 1 change detected
2026-06-14 08:33:36,523 - watchfiles.main - 1 change detected
2026-06-14 08:33:36,940 - watchfiles.main - 1 change detected
2026-06-14 08:33:37,356 - watchfiles.main - 1 change detected
2026-06-14 08:33:37,821 - watchfiles.main - 1 change detected
2026-06-14 08:33:38,238 - watchfiles.main - 1 change detected
2026-06-14 08:33:38,605 - watchfiles.main - 1 change detected
2026-06-14 08:33:39,072 - watchfiles.main - 1 change detected
2026-06-14 08:33:39,477 - watchfiles.main - 1 change detected
2026-06-14 08:33:39,888 - watchfiles.main - 1 change detected
2026-06-14 08:33:40,303 - watchfiles.main - 1 change detected
2026-06-14 08:33:40,722 - watchfiles.main - 1 change detected
2026-06-14 08:33:41,137 - watchfiles.main - 1 change detected
2026-06-14 08:33:41,553 - watchfiles.main - 1 change detected
2026-06-14 08:33:41,963 - watchfiles.main - 1 change detected
2026-06-14 08:33:42,370 - watchfiles.main - 1 change detected
2026-06-14 08:33:42,838 - watchfiles.main - 1 change detected
2026-06-14 08:33:43,253 - watchfiles.main - 1 change detected
2026-06-14 08:33:43,671 - watchfiles.main - 1 change detected
2026-06-14 08:33:44,048 - watchfiles.main - 1 change detected
2026-06-14 08:33:44,464 - watchfiles.main - 1 change detected
2026-06-14 08:33:44,871 - watchfiles.main - 1 change detected
2026-06-14 08:33:45,276 - watchfiles.main - 1 change detected
2026-06-14 08:33:45,737 - watchfiles.main - 1 change detected
2026-06-14 08:33:46,153 - watchfiles.main - 1 change detected
2026-06-14 08:33:46,571 - watchfiles.main - 1 change detected
2026-06-14 08:33:46,977 - watchfiles.main - 1 change detected
2026-06-14 08:33:47,433 - watchfiles.main - 1 change detected
2026-06-14 08:33:47,851 - watchfiles.main - 1 change detected
2026-06-14 08:33:48,318 - watchfiles.main - 1 change detected
2026-06-14 08:33:48,690 - watchfiles.main - 1 change detected
2026-06-14 08:33:49,104 - watchfiles.main - 1 change detected
2026-06-14 08:33:49,506 - watchfiles.main - 1 change detected
2026-06-14 08:33:49,959 - watchfiles.main - 1 change detected
2026-06-14 08:33:50,375 - watchfiles.main - 1 change detected
2026-06-14 08:33:50,780 - watchfiles.main - 1 change detected
2026-06-14 08:33:51,195 - watchfiles.main - 1 change detected
2026-06-14 08:33:51,606 - watchfiles.main - 1 change detected
2026-06-14 08:33:52,021 - watchfiles.main - 1 change detected
2026-06-14 08:33:52,434 - watchfiles.main - 1 change detected
2026-06-14 08:33:52,841 - watchfiles.main - 1 change detected
2026-06-14 08:33:53,250 - watchfiles.main - 1 change detected
2026-06-14 08:33:53,662 - watchfiles.main - 1 change detected
2026-06-14 08:33:54,117 - watchfiles.main - 1 change detected
2026-06-14 08:33:54,526 - watchfiles.main - 1 change detected
2026-06-14 08:33:54,884 - watchfiles.main - 1 change detected
2026-06-14 08:33:55,336 - watchfiles.main - 1 change detected
2026-06-14 08:33:55,696 - watchfiles.main - 1 change detected
2026-06-14 08:33:56,125 - watchfiles.main - 1 change detected
2026-06-14 08:33:56,532 - watchfiles.main - 1 change detected
2026-06-14 08:33:56,942 - watchfiles.main - 1 change detected
2026-06-14 08:33:57,351 - watchfiles.main - 1 change detected
2026-06-14 08:33:57,762 - watchfiles.main - 1 change detected
2026-06-14 08:33:58,219 - watchfiles.main - 1 change detected
2026-06-14 08:33:58,577 - watchfiles.main - 1 change detected
2026-06-14 08:33:58,983 - watchfiles.main - 1 change detected
2026-06-14 08:33:59,398 - watchfiles.main - 1 change detected
2026-06-14 08:33:59,809 - watchfiles.main - 1 change detected
2026-06-14 08:34:00,184 - watchfiles.main - 1 change detected
2026-06-14 08:34:00,608 - watchfiles.main - 1 change detected
2026-06-14 08:34:01,019 - watchfiles.main - 1 change detected
2026-06-14 08:34:01,424 - watchfiles.main - 1 change detected
2026-06-14 08:34:01,837 - watchfiles.main - 1 change detected
2026-06-14 08:34:02,298 - watchfiles.main - 1 change detected
2026-06-14 08:34:02,660 - watchfiles.main - 1 change detected
2026-06-14 08:34:03,127 - watchfiles.main - 1 change detected
2026-06-14 08:34:03,535 - watchfiles.main - 1 change detected
2026-06-14 08:34:03,942 - watchfiles.main - 1 change detected
2026-06-14 08:34:04,352 - watchfiles.main - 1 change detected
2026-06-14 08:34:04,812 - watchfiles.main - 1 change detected
2026-06-14 08:34:05,274 - watchfiles.main - 1 change detected
2026-06-14 08:34:05,692 - watchfiles.main - 1 change detected
2026-06-14 08:34:06,099 - watchfiles.main - 1 change detected
2026-06-14 08:34:06,517 - watchfiles.main - 1 change detected
2026-06-14 08:34:06,930 - watchfiles.main - 1 change detected
2026-06-14 08:34:07,385 - watchfiles.main - 1 change detected
2026-06-14 08:34:07,794 - watchfiles.main - 1 change detected
2026-06-14 08:34:08,203 - watchfiles.main - 1 change detected
2026-06-14 08:34:08,664 - watchfiles.main - 1 change detected
2026-06-14 08:34:09,017 - watchfiles.main - 1 change detected
2026-06-14 08:34:09,422 - watchfiles.main - 1 change detected
2026-06-14 08:34:09,841 - watchfiles.main - 1 change detected
2026-06-14 08:34:10,294 - watchfiles.main - 1 change detected
2026-06-14 08:34:10,703 - watchfiles.main - 1 change detected
2026-06-14 08:34:11,159 - watchfiles.main - 1 change detected
2026-06-14 08:34:11,576 - watchfiles.main - 1 change detected
2026-06-14 08:34:11,979 - watchfiles.main - 1 change detected
2026-06-14 08:34:12,340 - watchfiles.main - 1 change detected
2026-06-14 08:34:12,799 - watchfiles.main - 1 change detected
2026-06-14 08:34:13,216 - watchfiles.main - 1 change detected
2026-06-14 08:34:13,631 - watchfiles.main - 1 change detected
2026-06-14 08:34:14,045 - watchfiles.main - 1 change detected
2026-06-14 08:34:14,474 - watchfiles.main - 1 change detected
2026-06-14 08:34:14,840 - watchfiles.main - 1 change detected
2026-06-14 08:34:15,252 - watchfiles.main - 1 change detected
2026-06-14 08:34:15,612 - watchfiles.main - 1 change detected
2026-06-14 08:34:16,071 - watchfiles.main - 1 change detected
2026-06-14 08:34:16,479 - watchfiles.main - 1 change detected
2026-06-14 08:34:16,938 - watchfiles.main - 1 change detected
2026-06-14 08:34:17,358 - watchfiles.main - 1 change detected
2026-06-14 08:34:17,770 - watchfiles.main - 1 change detected
2026-06-14 08:34:18,193 - watchfiles.main - 1 change detected
2026-06-14 08:34:18,601 - watchfiles.main - 1 change detected
2026-06-14 08:34:19,005 - watchfiles.main - 1 change detected
2026-06-14 08:34:19,423 - watchfiles.main - 1 change detected
2026-06-14 08:34:19,876 - watchfiles.main - 1 change detected
2026-06-14 08:34:20,285 - watchfiles.main - 1 change detected
2026-06-14 08:34:20,697 - watchfiles.main - 1 change detected
2026-06-14 08:34:21,114 - watchfiles.main - 1 change detected
2026-06-14 08:34:21,528 - watchfiles.main - 1 change detected
2026-06-14 08:34:21,942 - watchfiles.main - 1 change detected
2026-06-14 08:34:22,357 - watchfiles.main - 1 change detected
2026-06-14 08:34:22,813 - watchfiles.main - 1 change detected
2026-06-14 08:34:23,223 - watchfiles.main - 1 change detected
2026-06-14 08:34:23,679 - watchfiles.main - 1 change detected
2026-06-14 08:34:24,099 - watchfiles.main - 1 change detected
2026-06-14 08:34:24,538 - watchfiles.main - 1 change detected
2026-06-14 08:34:24,892 - watchfiles.main - 1 change detected
2026-06-14 08:34:25,297 - watchfiles.main - 1 change detected
2026-06-14 08:34:25,709 - watchfiles.main - 1 change detected
2026-06-14 08:34:26,166 - watchfiles.main - 1 change detected
2026-06-14 08:34:26,576 - watchfiles.main - 1 change detected
2026-06-14 08:34:26,979 - watchfiles.main - 1 change detected
2026-06-14 08:34:27,388 - watchfiles.main - 1 change detected
2026-06-14 08:34:27,796 - watchfiles.main - 1 change detected
2026-06-14 08:34:28,206 - watchfiles.main - 1 change detected
2026-06-14 08:34:28,621 - watchfiles.main - 1 change detected
2026-06-14 08:34:29,045 - watchfiles.main - 1 change detected
2026-06-14 08:34:29,468 - watchfiles.main - 1 change detected
2026-06-14 08:34:29,880 - watchfiles.main - 1 change detected
2026-06-14 08:34:30,285 - watchfiles.main - 1 change detected
2026-06-14 08:34:30,692 - watchfiles.main - 1 change detected
2026-06-14 08:34:31,154 - watchfiles.main - 1 change detected
2026-06-14 08:34:31,524 - watchfiles.main - 1 change detected
2026-06-14 08:34:31,985 - watchfiles.main - 1 change detected
2026-06-14 08:34:32,440 - watchfiles.main - 1 change detected
2026-06-14 08:34:32,855 - watchfiles.main - 1 change detected
2026-06-14 08:34:33,258 - watchfiles.main - 1 change detected
2026-06-14 08:34:33,667 - watchfiles.main - 1 change detected
2026-06-14 08:34:34,031 - watchfiles.main - 1 change detected
2026-06-14 08:34:34,489 - watchfiles.main - 1 change detected
2026-06-14 08:34:34,897 - watchfiles.main - 1 change detected
2026-06-14 08:34:35,307 - watchfiles.main - 1 change detected
2026-06-14 08:34:35,710 - watchfiles.main - 1 change detected
2026-06-14 08:34:36,164 - watchfiles.main - 1 change detected
2026-06-14 08:34:36,570 - watchfiles.main - 1 change detected
2026-06-14 08:34:36,973 - watchfiles.main - 1 change detected
2026-06-14 08:34:37,389 - watchfiles.main - 1 change detected
2026-06-14 08:34:37,806 - watchfiles.main - 1 change detected
2026-06-14 08:34:38,261 - watchfiles.main - 1 change detected
2026-06-14 08:34:38,666 - watchfiles.main - 1 change detected
2026-06-14 08:34:39,129 - watchfiles.main - 1 change detected
2026-06-14 08:34:39,540 - watchfiles.main - 1 change detected
2026-06-14 08:34:39,952 - watchfiles.main - 1 change detected
2026-06-14 08:34:40,362 - watchfiles.main - 1 change detected
2026-06-14 08:34:40,824 - watchfiles.main - 1 change detected
2026-06-14 08:34:41,228 - watchfiles.main - 1 change detected
2026-06-14 08:34:41,631 - watchfiles.main - 1 change detected
2026-06-14 08:34:42,040 - watchfiles.main - 1 change detected
2026-06-14 08:34:42,444 - watchfiles.main - 1 change detected
2026-06-14 08:34:42,847 - watchfiles.main - 1 change detected
2026-06-14 08:34:43,251 - watchfiles.main - 1 change detected
2026-06-14 08:34:43,714 - watchfiles.main - 1 change detected
2026-06-14 08:34:44,118 - watchfiles.main - 1 change detected
2026-06-14 08:34:44,536 - watchfiles.main - 1 change detected
2026-06-14 08:34:44,952 - watchfiles.main - 1 change detected
2026-06-14 08:34:45,358 - watchfiles.main - 1 change detected
2026-06-14 08:34:45,767 - watchfiles.main - 1 change detected
2026-06-14 08:34:46,173 - watchfiles.main - 1 change detected
2026-06-14 08:34:46,584 - watchfiles.main - 1 change detected
2026-06-14 08:34:46,999 - watchfiles.main - 1 change detected
2026-06-14 08:34:47,453 - watchfiles.main - 1 change detected
2026-06-14 08:34:47,859 - watchfiles.main - 1 change detected
2026-06-14 08:34:48,219 - watchfiles.main - 1 change detected
2026-06-14 08:34:48,675 - watchfiles.main - 1 change detected
2026-06-14 08:34:49,080 - watchfiles.main - 1 change detected
2026-06-14 08:34:49,487 - watchfiles.main - 1 change detected
2026-06-14 08:34:49,955 - watchfiles.main - 1 change detected
2026-06-14 08:34:50,363 - watchfiles.main - 1 change detected
2026-06-14 08:34:50,775 - watchfiles.main - 1 change detected
2026-06-14 08:34:51,187 - watchfiles.main - 1 change detected
2026-06-14 08:34:51,644 - watchfiles.main - 1 change detected
2026-06-14 08:34:52,058 - watchfiles.main - 1 change detected
2026-06-14 08:34:52,469 - watchfiles.main - 1 change detected
2026-06-14 08:34:52,924 - watchfiles.main - 1 change detected
2026-06-14 08:34:53,341 - watchfiles.main - 1 change detected
2026-06-14 08:34:53,758 - watchfiles.main - 1 change detected
2026-06-14 08:34:54,127 - watchfiles.main - 1 change detected
2026-06-14 08:34:54,585 - watchfiles.main - 1 change detected
2026-06-14 08:34:54,950 - watchfiles.main - 1 change detected
2026-06-14 08:34:55,367 - watchfiles.main - 1 change detected
2026-06-14 08:34:55,775 - watchfiles.main - 1 change detected
2026-06-14 08:34:56,193 - watchfiles.main - 1 change detected
2026-06-14 08:34:56,607 - watchfiles.main - 1 change detected
2026-06-14 08:34:57,070 - watchfiles.main - 1 change detected
2026-06-14 08:34:57,484 - watchfiles.main - 1 change detected
2026-06-14 08:34:57,902 - watchfiles.main - 1 change detected
2026-06-14 08:34:58,308 - watchfiles.main - 1 change detected
2026-06-14 08:34:58,717 - watchfiles.main - 1 change detected
2026-06-14 08:34:59,135 - watchfiles.main - 1 change detected
2026-06-14 08:34:59,598 - watchfiles.main - 1 change detected
2026-06-14 08:34:59,956 - watchfiles.main - 1 change detected
2026-06-14 08:35:00,410 - watchfiles.main - 1 change detected
2026-06-14 08:35:00,829 - watchfiles.main - 1 change detected
2026-06-14 08:35:01,252 - watchfiles.main - 1 change detected
2026-06-14 08:35:01,665 - watchfiles.main - 1 change detected
2026-06-14 08:35:02,075 - watchfiles.main - 1 change detected
2026-06-14 08:35:02,490 - watchfiles.main - 1 change detected
2026-06-14 08:35:02,905 - watchfiles.main - 1 change detected
2026-06-14 08:35:03,322 - watchfiles.main - 1 change detected
2026-06-14 08:35:03,738 - watchfiles.main - 1 change detected
2026-06-14 08:35:04,156 - watchfiles.main - 1 change detected
2026-06-14 08:35:04,559 - watchfiles.main - 1 change detected
2026-06-14 08:35:05,018 - watchfiles.main - 1 change detected
2026-06-14 08:35:05,433 - watchfiles.main - 1 change detected
2026-06-14 08:35:05,846 - watchfiles.main - 1 change detected
2026-06-14 08:35:06,305 - watchfiles.main - 1 change detected
2026-06-14 08:35:06,717 - watchfiles.main - 1 change detected
2026-06-14 08:35:07,174 - watchfiles.main - 1 change detected
2026-06-14 08:35:07,599 - watchfiles.main - 1 change detected
2026-06-14 08:35:08,006 - watchfiles.main - 1 change detected
2026-06-14 08:35:08,418 - watchfiles.main - 1 change detected
2026-06-14 08:35:08,830 - watchfiles.main - 1 change detected
2026-06-14 08:35:09,234 - watchfiles.main - 1 change detected
2026-06-14 08:35:09,643 - watchfiles.main - 1 change detected
2026-06-14 08:35:10,051 - watchfiles.main - 1 change detected
2026-06-14 08:35:10,470 - watchfiles.main - 1 change detected
2026-06-14 08:35:10,887 - watchfiles.main - 1 change detected
2026-06-14 08:35:11,295 - watchfiles.main - 1 change detected
2026-06-14 08:35:11,706 - watchfiles.main - 1 change detected
2026-06-14 08:35:12,117 - watchfiles.main - 1 change detected
2026-06-14 08:35:12,532 - watchfiles.main - 1 change detected
2026-06-14 08:35:12,944 - watchfiles.main - 1 change detected
2026-06-14 08:35:13,356 - watchfiles.main - 1 change detected
2026-06-14 08:35:13,813 - watchfiles.main - 1 change detected
2026-06-14 08:35:14,224 - watchfiles.main - 1 change detected
2026-06-14 08:35:14,588 - watchfiles.main - 1 change detected
2026-06-14 08:35:14,997 - watchfiles.main - 1 change detected
2026-06-14 08:35:15,462 - watchfiles.main - 1 change detected
2026-06-14 08:35:15,866 - watchfiles.main - 1 change detected
2026-06-14 08:35:16,277 - watchfiles.main - 1 change detected
2026-06-14 08:35:16,686 - watchfiles.main - 1 change detected
2026-06-14 08:35:17,090 - watchfiles.main - 1 change detected
2026-06-14 08:35:17,496 - watchfiles.main - 1 change detected
2026-06-14 08:35:17,914 - watchfiles.main - 1 change detected
2026-06-14 08:35:18,330 - watchfiles.main - 1 change detected
2026-06-14 08:35:18,797 - watchfiles.main - 1 change detected
2026-06-14 08:35:19,204 - watchfiles.main - 1 change detected
2026-06-14 08:35:19,616 - watchfiles.main - 1 change detected
2026-06-14 08:35:20,028 - watchfiles.main - 1 change detected
2026-06-14 08:35:20,441 - watchfiles.main - 1 change detected
2026-06-14 08:35:20,897 - watchfiles.main - 1 change detected
2026-06-14 08:35:21,309 - watchfiles.main - 1 change detected
2026-06-14 08:35:21,727 - watchfiles.main - 1 change detected
2026-06-14 08:35:22,143 - watchfiles.main - 1 change detected
2026-06-14 08:35:22,554 - watchfiles.main - 1 change detected
2026-06-14 08:35:22,962 - watchfiles.main - 1 change detected
2026-06-14 08:35:23,373 - watchfiles.main - 1 change detected
2026-06-14 08:35:23,831 - watchfiles.main - 1 change detected
2026-06-14 08:35:24,246 - watchfiles.main - 1 change detected
2026-06-14 08:35:24,651 - watchfiles.main - 1 change detected
2026-06-14 08:35:25,062 - watchfiles.main - 1 change detected
2026-06-14 08:35:25,473 - watchfiles.main - 1 change detected
2026-06-14 08:35:25,880 - watchfiles.main - 1 change detected
2026-06-14 08:35:26,289 - watchfiles.main - 1 change detected
2026-06-14 08:35:26,695 - watchfiles.main - 1 change detected
2026-06-14 08:35:27,110 - watchfiles.main - 1 change detected
2026-06-14 08:35:27,519 - watchfiles.main - 1 change detected
2026-06-14 08:35:27,981 - watchfiles.main - 1 change detected
2026-06-14 08:35:28,386 - watchfiles.main - 1 change detected
2026-06-14 08:35:28,793 - watchfiles.main - 1 change detected
2026-06-14 08:35:29,212 - watchfiles.main - 1 change detected
2026-06-14 08:35:29,627 - watchfiles.main - 1 change detected
2026-06-14 08:35:30,085 - watchfiles.main - 1 change detected
2026-06-14 08:35:30,506 - watchfiles.main - 1 change detected
2026-06-14 08:35:30,877 - watchfiles.main - 1 change detected
2026-06-14 08:35:31,290 - watchfiles.main - 1 change detected
2026-06-14 08:35:31,699 - watchfiles.main - 1 change detected
2026-06-14 08:35:32,112 - watchfiles.main - 1 change detected
2026-06-14 08:35:32,570 - watchfiles.main - 1 change detected
2026-06-14 08:35:32,986 - watchfiles.main - 1 change detected
2026-06-14 08:35:33,389 - watchfiles.main - 1 change detected
2026-06-14 08:35:33,811 - watchfiles.main - 1 change detected
2026-06-14 08:35:34,225 - watchfiles.main - 1 change detected
2026-06-14 08:35:34,643 - watchfiles.main - 1 change detected
2026-06-14 08:35:35,059 - watchfiles.main - 1 change detected
2026-06-14 08:35:35,464 - watchfiles.main - 1 change detected
2026-06-14 08:35:35,820 - watchfiles.main - 1 change detected
2026-06-14 08:35:36,242 - watchfiles.main - 1 change detected
2026-06-14 08:35:36,649 - watchfiles.main - 1 change detected
2026-06-14 08:35:37,054 - watchfiles.main - 1 change detected
2026-06-14 08:35:37,464 - watchfiles.main - 1 change detected
2026-06-14 08:35:37,926 - watchfiles.main - 1 change detected
2026-06-14 08:35:38,343 - watchfiles.main - 1 change detected
2026-06-14 08:35:38,711 - watchfiles.main - 1 change detected
2026-06-14 08:35:39,125 - watchfiles.main - 1 change detected
2026-06-14 08:35:39,528 - watchfiles.main - 1 change detected
2026-06-14 08:35:39,938 - watchfiles.main - 1 change detected
2026-06-14 08:35:40,342 - watchfiles.main - 1 change detected
2026-06-14 08:35:40,748 - watchfiles.main - 1 change detected
2026-06-14 08:35:41,202 - watchfiles.main - 1 change detected
2026-06-14 08:35:41,669 - watchfiles.main - 1 change detected
2026-06-14 08:35:42,075 - watchfiles.main - 1 change detected
2026-06-14 08:35:42,479 - watchfiles.main - 1 change detected
2026-06-14 08:35:42,933 - watchfiles.main - 1 change detected
2026-06-14 08:35:43,293 - watchfiles.main - 1 change detected
2026-06-14 08:35:43,751 - watchfiles.main - 1 change detected
2026-06-14 08:35:44,116 - watchfiles.main - 1 change detected
2026-06-14 08:35:44,569 - watchfiles.main - 1 change detected
2026-06-14 08:35:44,978 - watchfiles.main - 1 change detected
2026-06-14 08:35:45,388 - watchfiles.main - 1 change detected
2026-06-14 08:35:45,791 - watchfiles.main - 1 change detected
2026-06-14 08:35:46,201 - watchfiles.main - 1 change detected
2026-06-14 08:35:46,582 - watchfiles.main - 1 change detected
2026-06-14 08:35:47,040 - watchfiles.main - 1 change detected
2026-06-14 08:35:47,404 - watchfiles.main - 1 change detected
2026-06-14 08:35:47,860 - watchfiles.main - 1 change detected
2026-06-14 08:35:48,279 - watchfiles.main - 1 change detected
2026-06-14 08:35:48,696 - watchfiles.main - 1 change detected
2026-06-14 08:35:49,109 - watchfiles.main - 1 change detected
2026-06-14 08:35:49,524 - watchfiles.main - 1 change detected
2026-06-14 08:35:49,937 - watchfiles.main - 1 change detected
2026-06-14 08:35:50,391 - watchfiles.main - 1 change detected
2026-06-14 08:35:50,798 - watchfiles.main - 1 change detected
2026-06-14 08:35:51,159 - watchfiles.main - 1 change detected
2026-06-14 08:35:51,622 - watchfiles.main - 1 change detected
2026-06-14 08:35:52,027 - watchfiles.main - 1 change detected
2026-06-14 08:35:52,438 - watchfiles.main - 1 change detected
2026-06-14 08:35:52,846 - watchfiles.main - 1 change detected
2026-06-14 08:35:53,208 - watchfiles.main - 1 change detected
2026-06-14 08:35:53,629 - watchfiles.main - 1 change detected
2026-06-14 08:35:54,083 - watchfiles.main - 1 change detected
2026-06-14 08:35:54,447 - watchfiles.main - 1 change detected
2026-06-14 08:35:54,862 - watchfiles.main - 1 change detected
2026-06-14 08:35:55,270 - watchfiles.main - 1 change detected
2026-06-14 08:35:55,730 - watchfiles.main - 1 change detected
2026-06-14 08:35:56,141 - watchfiles.main - 1 change detected
2026-06-14 08:35:56,511 - watchfiles.main - 1 change detected
2026-06-14 08:35:56,925 - watchfiles.main - 1 change detected
2026-06-14 08:35:57,332 - watchfiles.main - 1 change detected
2026-06-14 08:35:57,793 - watchfiles.main - 1 change detected
2026-06-14 08:35:58,157 - watchfiles.main - 1 change detected
2026-06-14 08:35:58,566 - watchfiles.main - 1 change detected
2026-06-14 08:35:58,973 - watchfiles.main - 1 change detected
2026-06-14 08:35:59,432 - watchfiles.main - 1 change detected
2026-06-14 08:35:59,798 - watchfiles.main - 1 change detected
2026-06-14 08:36:00,221 - watchfiles.main - 1 change detected
2026-06-14 08:36:00,639 - watchfiles.main - 1 change detected
2026-06-14 08:36:01,052 - watchfiles.main - 1 change detected
2026-06-14 08:36:01,521 - watchfiles.main - 1 change detected
2026-06-14 08:36:01,931 - watchfiles.main - 1 change detected
2026-06-14 08:36:02,349 - watchfiles.main - 1 change detected
2026-06-14 08:36:02,752 - watchfiles.main - 1 change detected
2026-06-14 08:36:03,216 - watchfiles.main - 1 change detected
2026-06-14 08:36:03,631 - watchfiles.main - 1 change detected
2026-06-14 08:36:04,043 - watchfiles.main - 1 change detected
2026-06-14 08:36:04,457 - watchfiles.main - 1 change detected
2026-06-14 08:36:04,870 - watchfiles.main - 1 change detected
2026-06-14 08:36:05,335 - watchfiles.main - 1 change detected
2026-06-14 08:36:05,692 - watchfiles.main - 1 change detected
2026-06-14 08:36:06,160 - watchfiles.main - 1 change detected
2026-06-14 08:36:06,525 - watchfiles.main - 1 change detected
2026-06-14 08:36:06,934 - watchfiles.main - 1 change detected
2026-06-14 08:36:07,388 - watchfiles.main - 1 change detected
2026-06-14 08:36:07,747 - watchfiles.main - 1 change detected
2026-06-14 08:36:08,161 - watchfiles.main - 1 change detected
2026-06-14 08:36:08,619 - watchfiles.main - 1 change detected
2026-06-14 08:36:09,027 - watchfiles.main - 1 change detected
2026-06-14 08:36:09,436 - watchfiles.main - 1 change detected
2026-06-14 08:36:09,808 - watchfiles.main - 1 change detected
2026-06-14 08:36:10,221 - watchfiles.main - 1 change detected
2026-06-14 08:36:10,628 - watchfiles.main - 1 change detected
2026-06-14 08:36:11,043 - watchfiles.main - 1 change detected
2026-06-14 08:36:11,502 - watchfiles.main - 1 change detected
2026-06-14 08:36:11,869 - watchfiles.main - 1 change detected
2026-06-14 08:36:12,282 - watchfiles.main - 1 change detected
2026-06-14 08:36:12,707 - watchfiles.main - 1 change detected
2026-06-14 08:36:13,125 - watchfiles.main - 1 change detected
2026-06-14 08:36:13,534 - watchfiles.main - 1 change detected
2026-06-14 08:36:13,999 - watchfiles.main - 1 change detected
2026-06-14 08:36:14,366 - watchfiles.main - 1 change detected
2026-06-14 08:36:14,769 - watchfiles.main - 1 change detected
2026-06-14 08:36:15,179 - watchfiles.main - 1 change detected
2026-06-14 08:36:15,587 - watchfiles.main - 1 change detected
2026-06-14 08:36:16,040 - watchfiles.main - 1 change detected
2026-06-14 08:36:16,409 - watchfiles.main - 1 change detected
2026-06-14 08:36:16,813 - watchfiles.main - 1 change detected
2026-06-14 08:36:17,218 - watchfiles.main - 1 change detected
2026-06-14 08:36:17,630 - watchfiles.main - 1 change detected
2026-06-14 08:36:18,050 - watchfiles.main - 1 change detected
2026-06-14 08:36:18,515 - watchfiles.main - 1 change detected
2026-06-14 08:36:18,928 - watchfiles.main - 1 change detected
2026-06-14 08:36:19,383 - watchfiles.main - 1 change detected
2026-06-14 08:36:19,737 - watchfiles.main - 1 change detected
2026-06-14 08:36:20,142 - watchfiles.main - 1 change detected
2026-06-14 08:36:20,562 - watchfiles.main - 1 change detected
2026-06-14 08:36:20,972 - watchfiles.main - 1 change detected
2026-06-14 08:36:21,381 - watchfiles.main - 1 change detected
2026-06-14 08:36:21,799 - watchfiles.main - 1 change detected
2026-06-14 08:36:22,160 - watchfiles.main - 1 change detected
2026-06-14 08:36:22,628 - watchfiles.main - 1 change detected
2026-06-14 08:36:23,046 - watchfiles.main - 1 change detected
2026-06-14 08:36:23,434 - watchfiles.main - 1 change detected
2026-06-14 08:36:23,888 - watchfiles.main - 1 change detected
2026-06-14 08:36:24,295 - watchfiles.main - 1 change detected
2026-06-14 08:36:24,702 - watchfiles.main - 1 change detected
2026-06-14 08:36:25,106 - watchfiles.main - 1 change detected
2026-06-14 08:36:25,514 - watchfiles.main - 1 change detected
2026-06-14 08:36:25,923 - watchfiles.main - 1 change detected
2026-06-14 08:36:26,349 - watchfiles.main - 1 change detected
2026-06-14 08:36:26,706 - watchfiles.main - 1 change detected
2026-06-14 08:36:27,167 - watchfiles.main - 1 change detected
2026-06-14 08:36:27,576 - watchfiles.main - 1 change detected
2026-06-14 08:36:27,930 - watchfiles.main - 1 change detected
2026-06-14 08:36:28,345 - watchfiles.main - 1 change detected
2026-06-14 08:36:28,797 - watchfiles.main - 1 change detected
2026-06-14 08:36:29,206 - watchfiles.main - 1 change detected
2026-06-14 08:36:29,614 - watchfiles.main - 1 change detected
2026-06-14 08:36:30,027 - watchfiles.main - 1 change detected
2026-06-14 08:36:30,445 - watchfiles.main - 1 change detected
2026-06-14 08:36:30,850 - watchfiles.main - 1 change detected
2026-06-14 08:36:31,307 - watchfiles.main - 1 change detected
2026-06-14 08:36:31,717 - watchfiles.main - 1 change detected
2026-06-14 08:36:32,128 - watchfiles.main - 1 change detected
2026-06-14 08:36:32,537 - watchfiles.main - 1 change detected
2026-06-14 08:36:32,902 - watchfiles.main - 1 change detected
2026-06-14 08:36:33,360 - watchfiles.main - 1 change detected
2026-06-14 08:36:33,766 - watchfiles.main - 1 change detected
2026-06-14 08:36:34,176 - watchfiles.main - 1 change detected
2026-06-14 08:36:34,539 - watchfiles.main - 1 change detected
2026-06-14 08:36:34,997 - watchfiles.main - 1 change detected
2026-06-14 08:36:35,409 - watchfiles.main - 1 change detected
2026-06-14 08:36:35,820 - watchfiles.main - 1 change detected
2026-06-14 08:36:36,231 - watchfiles.main - 1 change detected
2026-06-14 08:36:36,694 - watchfiles.main - 1 change detected
2026-06-14 08:36:37,110 - watchfiles.main - 1 change detected
2026-06-14 08:36:37,482 - watchfiles.main - 1 change detected
2026-06-14 08:36:37,947 - watchfiles.main - 1 change detected
2026-06-14 08:36:38,356 - watchfiles.main - 1 change detected
2026-06-14 08:36:38,760 - watchfiles.main - 1 change detected
2026-06-14 08:36:39,171 - watchfiles.main - 1 change detected
2026-06-14 08:36:39,582 - watchfiles.main - 1 change detected
2026-06-14 08:36:39,985 - watchfiles.main - 1 change detected
2026-06-14 08:36:40,404 - watchfiles.main - 1 change detected
2026-06-14 08:36:40,814 - watchfiles.main - 1 change detected
2026-06-14 08:36:41,218 - watchfiles.main - 1 change detected
2026-06-14 08:36:41,634 - watchfiles.main - 1 change detected
2026-06-14 08:36:42,044 - watchfiles.main - 1 change detected
2026-06-14 08:36:42,503 - watchfiles.main - 1 change detected
2026-06-14 08:36:42,872 - watchfiles.main - 1 change detected
2026-06-14 08:36:43,327 - watchfiles.main - 1 change detected
2026-06-14 08:36:43,740 - watchfiles.main - 1 change detected
2026-06-14 08:36:44,143 - watchfiles.main - 1 change detected
2026-06-14 08:36:44,549 - watchfiles.main - 1 change detected
2026-06-14 08:36:44,958 - watchfiles.main - 1 change detected
2026-06-14 08:36:45,362 - watchfiles.main - 1 change detected
2026-06-14 08:36:45,773 - watchfiles.main - 1 change detected
2026-06-14 08:36:46,193 - watchfiles.main - 1 change detected
2026-06-14 08:36:46,649 - watchfiles.main - 1 change detected
2026-06-14 08:36:47,059 - watchfiles.main - 1 change detected
2026-06-14 08:36:47,513 - watchfiles.main - 1 change detected
2026-06-14 08:36:47,928 - watchfiles.main - 1 change detected
2026-06-14 08:36:48,342 - watchfiles.main - 1 change detected
2026-06-14 08:36:48,758 - watchfiles.main - 1 change detected
2026-06-14 08:36:49,167 - watchfiles.main - 1 change detected
2026-06-14 08:36:49,581 - watchfiles.main - 1 change detected
2026-06-14 08:36:49,996 - watchfiles.main - 1 change detected
2026-06-14 08:36:50,400 - watchfiles.main - 1 change detected
2026-06-14 08:36:50,816 - watchfiles.main - 1 change detected
2026-06-14 08:36:51,223 - watchfiles.main - 1 change detected
2026-06-14 08:36:51,640 - watchfiles.main - 1 change detected
2026-06-14 08:36:52,102 - watchfiles.main - 1 change detected
2026-06-14 08:36:52,508 - watchfiles.main - 1 change detected
2026-06-14 08:36:52,928 - watchfiles.main - 1 change detected
2026-06-14 08:36:53,399 - watchfiles.main - 1 change detected
2026-06-14 08:36:53,802 - watchfiles.main - 1 change detected
2026-06-14 08:36:54,214 - watchfiles.main - 1 change detected
2026-06-14 08:36:54,633 - watchfiles.main - 1 change detected
2026-06-14 08:36:55,042 - watchfiles.main - 1 change detected
2026-06-14 08:36:55,446 - watchfiles.main - 1 change detected
2026-06-14 08:36:55,862 - watchfiles.main - 1 change detected
2026-06-14 08:36:56,326 - watchfiles.main - 1 change detected
2026-06-14 08:36:56,741 - watchfiles.main - 1 change detected
2026-06-14 08:36:57,154 - watchfiles.main - 1 change detected
2026-06-14 08:36:57,565 - watchfiles.main - 1 change detected
2026-06-14 08:36:57,982 - watchfiles.main - 1 change detected
2026-06-14 08:36:58,389 - watchfiles.main - 1 change detected
2026-06-14 08:36:58,804 - watchfiles.main - 1 change detected
2026-06-14 08:36:59,212 - watchfiles.main - 1 change detected
2026-06-14 08:36:59,617 - watchfiles.main - 1 change detected
2026-06-14 08:37:00,022 - watchfiles.main - 1 change detected
2026-06-14 08:37:00,481 - watchfiles.main - 1 change detected
2026-06-14 08:37:00,892 - watchfiles.main - 1 change detected
2026-06-14 08:37:01,304 - watchfiles.main - 1 change detected
2026-06-14 08:37:01,707 - watchfiles.main - 1 change detected
2026-06-14 08:37:02,119 - watchfiles.main - 1 change detected
2026-06-14 08:37:02,536 - watchfiles.main - 1 change detected
2026-06-14 08:37:02,905 - watchfiles.main - 1 change detected
2026-06-14 08:37:03,319 - watchfiles.main - 1 change detected
2026-06-14 08:37:03,724 - watchfiles.main - 1 change detected
2026-06-14 08:37:04,132 - watchfiles.main - 1 change detected
2026-06-14 08:37:04,551 - watchfiles.main - 1 change detected
2026-06-14 08:37:04,965 - watchfiles.main - 1 change detected
2026-06-14 08:37:05,372 - watchfiles.main - 1 change detected
2026-06-14 08:37:05,787 - watchfiles.main - 1 change detected
2026-06-14 08:37:06,190 - watchfiles.main - 1 change detected
2026-06-14 08:37:06,600 - watchfiles.main - 1 change detected
2026-06-14 08:37:07,017 - watchfiles.main - 1 change detected
2026-06-14 08:37:07,434 - watchfiles.main - 1 change detected
2026-06-14 08:37:07,850 - watchfiles.main - 1 change detected
2026-06-14 08:37:08,258 - watchfiles.main - 1 change detected
2026-06-14 08:37:08,678 - watchfiles.main - 1 change detected
2026-06-14 08:37:09,044 - watchfiles.main - 1 change detected
2026-06-14 08:37:09,497 - watchfiles.main - 1 change detected
2026-06-14 08:37:09,962 - watchfiles.main - 1 change detected
2026-06-14 08:37:10,371 - watchfiles.main - 1 change detected
2026-06-14 08:37:10,739 - watchfiles.main - 1 change detected
2026-06-14 08:37:11,149 - watchfiles.main - 1 change detected
2026-06-14 08:37:11,552 - watchfiles.main - 1 change detected
2026-06-14 08:37:11,964 - watchfiles.main - 1 change detected
2026-06-14 08:37:12,325 - watchfiles.main - 1 change detected
2026-06-14 08:37:12,729 - watchfiles.main - 1 change detected
2026-06-14 08:37:13,191 - watchfiles.main - 1 change detected
2026-06-14 08:37:13,595 - watchfiles.main - 1 change detected
2026-06-14 08:37:13,959 - watchfiles.main - 1 change detected
2026-06-14 08:37:14,417 - watchfiles.main - 1 change detected
2026-06-14 08:37:14,827 - watchfiles.main - 1 change detected
2026-06-14 08:37:15,244 - watchfiles.main - 1 change detected
2026-06-14 08:37:15,649 - watchfiles.main - 1 change detected
2026-06-14 08:37:16,062 - watchfiles.main - 1 change detected
2026-06-14 08:37:16,474 - watchfiles.main - 1 change detected
2026-06-14 08:37:16,842 - watchfiles.main - 1 change detected
2026-06-14 08:37:17,259 - watchfiles.main - 1 change detected
2026-06-14 08:37:17,669 - watchfiles.main - 1 change detected
2026-06-14 08:37:18,126 - watchfiles.main - 1 change detected
2026-06-14 08:37:18,536 - watchfiles.main - 1 change detected
2026-06-14 08:37:18,945 - watchfiles.main - 1 change detected
2026-06-14 08:37:19,412 - watchfiles.main - 1 change detected
2026-06-14 08:37:19,827 - watchfiles.main - 1 change detected
2026-06-14 08:37:20,237 - watchfiles.main - 1 change detected
2026-06-14 08:37:20,645 - watchfiles.main - 1 change detected
2026-06-14 08:37:21,052 - watchfiles.main - 1 change detected
2026-06-14 08:37:21,461 - watchfiles.main - 1 change detected
2026-06-14 08:37:21,876 - watchfiles.main - 1 change detected
2026-06-14 08:37:22,287 - watchfiles.main - 1 change detected
2026-06-14 08:37:22,704 - watchfiles.main - 1 change detected
2026-06-14 08:37:23,117 - watchfiles.main - 1 change detected
2026-06-14 08:37:23,526 - watchfiles.main - 1 change detected
2026-06-14 08:37:23,941 - watchfiles.main - 1 change detected
2026-06-14 08:37:24,349 - watchfiles.main - 1 change detected
2026-06-14 08:37:24,804 - watchfiles.main - 1 change detected
2026-06-14 08:37:25,211 - watchfiles.main - 1 change detected
2026-06-14 08:37:25,629 - watchfiles.main - 1 change detected
2026-06-14 08:37:26,039 - watchfiles.main - 1 change detected
2026-06-14 08:37:26,441 - watchfiles.main - 1 change detected
2026-06-14 08:37:26,851 - watchfiles.main - 1 change detected
2026-06-14 08:37:27,261 - watchfiles.main - 1 change detected
2026-06-14 08:37:27,672 - watchfiles.main - 1 change detected
2026-06-14 08:37:28,088 - watchfiles.main - 1 change detected
2026-06-14 08:37:28,453 - watchfiles.main - 1 change detected
2026-06-14 08:37:28,863 - watchfiles.main - 1 change detected
2026-06-14 08:37:29,274 - watchfiles.main - 1 change detected
2026-06-14 08:37:29,686 - watchfiles.main - 1 change detected
2026-06-14 08:37:30,055 - watchfiles.main - 1 change detected
2026-06-14 08:37:30,508 - watchfiles.main - 1 change detected
2026-06-14 08:37:30,915 - watchfiles.main - 1 change detected
2026-06-14 08:37:31,382 - watchfiles.main - 1 change detected
2026-06-14 08:37:31,801 - watchfiles.main - 1 change detected
2026-06-14 08:37:32,206 - watchfiles.main - 1 change detected
2026-06-14 08:37:32,622 - watchfiles.main - 1 change detected
2026-06-14 08:37:32,991 - watchfiles.main - 1 change detected
2026-06-14 08:37:33,460 - watchfiles.main - 1 change detected
2026-06-14 08:37:33,882 - watchfiles.main - 1 change detected
2026-06-14 08:37:34,298 - watchfiles.main - 1 change detected
2026-06-14 08:37:34,709 - watchfiles.main - 1 change detected
2026-06-14 08:37:35,076 - watchfiles.main - 1 change detected
2026-06-14 08:37:35,480 - watchfiles.main - 1 change detected
2026-06-14 08:37:35,940 - watchfiles.main - 1 change detected
2026-06-14 08:37:36,298 - watchfiles.main - 1 change detected
2026-06-14 08:37:36,714 - watchfiles.main - 1 change detected
2026-06-14 08:37:37,183 - watchfiles.main - 1 change detected
2026-06-14 08:37:37,590 - watchfiles.main - 1 change detected
2026-06-14 08:37:37,994 - watchfiles.main - 1 change detected
2026-06-14 08:37:38,413 - watchfiles.main - 1 change detected
2026-06-14 08:37:38,831 - watchfiles.main - 1 change detected
2026-06-14 08:37:39,250 - watchfiles.main - 1 change detected
2026-06-14 08:37:39,619 - watchfiles.main - 1 change detected
2026-06-14 08:37:40,083 - watchfiles.main - 1 change detected
2026-06-14 08:37:40,495 - watchfiles.main - 1 change detected
2026-06-14 08:37:40,907 - watchfiles.main - 1 change detected
2026-06-14 08:37:41,322 - watchfiles.main - 1 change detected
2026-06-14 08:37:41,726 - watchfiles.main - 1 change detected
2026-06-14 08:37:42,144 - watchfiles.main - 1 change detected
2026-06-14 08:37:42,549 - watchfiles.main - 1 change detected
2026-06-14 08:37:42,968 - watchfiles.main - 1 change detected
2026-06-14 08:37:43,385 - watchfiles.main - 1 change detected
2026-06-14 08:37:43,806 - watchfiles.main - 1 change detected
2026-06-14 08:37:44,265 - watchfiles.main - 1 change detected
2026-06-14 08:37:44,668 - watchfiles.main - 1 change detected
2026-06-14 08:37:45,079 - watchfiles.main - 1 change detected
2026-06-14 08:37:45,490 - watchfiles.main - 1 change detected
2026-06-14 08:37:45,892 - watchfiles.main - 1 change detected
2026-06-14 08:37:46,295 - watchfiles.main - 1 change detected
2026-06-14 08:37:46,703 - watchfiles.main - 1 change detected
2026-06-14 08:37:47,127 - watchfiles.main - 1 change detected
2026-06-14 08:37:47,536 - watchfiles.main - 1 change detected
2026-06-14 08:37:47,954 - watchfiles.main - 1 change detected
2026-06-14 08:37:48,360 - watchfiles.main - 1 change detected
2026-06-14 08:37:48,773 - watchfiles.main - 1 change detected
2026-06-14 08:37:49,195 - watchfiles.main - 1 change detected
2026-06-14 08:37:49,606 - watchfiles.main - 1 change detected
2026-06-14 08:37:50,011 - watchfiles.main - 1 change detected
2026-06-14 08:37:50,426 - watchfiles.main - 1 change detected
2026-06-14 08:37:50,842 - watchfiles.main - 1 change detected
2026-06-14 08:37:51,253 - watchfiles.main - 1 change detected
2026-06-14 08:37:51,657 - watchfiles.main - 1 change detected
2026-06-14 08:37:52,069 - watchfiles.main - 1 change detected
2026-06-14 08:37:52,538 - watchfiles.main - 1 change detected
2026-06-14 08:37:52,943 - watchfiles.main - 1 change detected
2026-06-14 08:37:53,356 - watchfiles.main - 1 change detected
2026-06-14 08:37:53,773 - watchfiles.main - 1 change detected
2026-06-14 08:37:54,177 - watchfiles.main - 1 change detected
2026-06-14 08:37:54,583 - watchfiles.main - 1 change detected
2026-06-14 08:37:55,043 - watchfiles.main - 1 change detected
2026-06-14 08:37:55,462 - watchfiles.main - 1 change detected
2026-06-14 08:37:55,827 - watchfiles.main - 1 change detected
2026-06-14 08:37:56,266 - watchfiles.main - 1 change detected
2026-06-14 08:37:56,677 - watchfiles.main - 1 change detected
2026-06-14 08:37:57,087 - watchfiles.main - 1 change detected
2026-06-14 08:37:57,490 - watchfiles.main - 1 change detected
2026-06-14 08:37:57,894 - watchfiles.main - 1 change detected
2026-06-14 08:37:58,300 - watchfiles.main - 1 change detected
2026-06-14 08:37:58,714 - watchfiles.main - 1 change detected
2026-06-14 08:37:59,129 - watchfiles.main - 1 change detected
2026-06-14 08:37:59,546 - watchfiles.main - 1 change detected
2026-06-14 08:37:59,955 - watchfiles.main - 1 change detected
2026-06-14 08:38:00,367 - watchfiles.main - 1 change detected
2026-06-14 08:38:00,783 - watchfiles.main - 1 change detected
2026-06-14 08:38:01,241 - watchfiles.main - 1 change detected
2026-06-14 08:38:01,660 - watchfiles.main - 1 change detected
2026-06-14 08:38:02,080 - watchfiles.main - 1 change detected
2026-06-14 08:38:02,484 - watchfiles.main - 1 change detected
2026-06-14 08:38:02,887 - watchfiles.main - 1 change detected
2026-06-14 08:38:03,305 - watchfiles.main - 1 change detected
2026-06-14 08:38:03,718 - watchfiles.main - 1 change detected
2026-06-14 08:38:04,123 - watchfiles.main - 1 change detected
2026-06-14 08:38:04,540 - watchfiles.main - 1 change detected
2026-06-14 08:38:04,949 - watchfiles.main - 1 change detected
2026-06-14 08:38:05,366 - watchfiles.main - 1 change detected
2026-06-14 08:38:05,770 - watchfiles.main - 1 change detected
2026-06-14 08:38:06,175 - watchfiles.main - 1 change detected
2026-06-14 08:38:06,586 - watchfiles.main - 1 change detected
2026-06-14 08:38:06,996 - watchfiles.main - 1 change detected
2026-06-14 08:38:07,451 - watchfiles.main - 1 change detected
2026-06-14 08:38:07,855 - watchfiles.main - 1 change detected
2026-06-14 08:38:08,258 - watchfiles.main - 1 change detected
2026-06-14 08:38:08,711 - watchfiles.main - 1 change detected
2026-06-14 08:38:09,125 - watchfiles.main - 1 change detected
2026-06-14 08:38:09,533 - watchfiles.main - 1 change detected
2026-06-14 08:38:09,940 - watchfiles.main - 1 change detected
2026-06-14 08:38:10,411 - watchfiles.main - 1 change detected
2026-06-14 08:38:10,875 - watchfiles.main - 1 change detected
2026-06-14 08:38:11,288 - watchfiles.main - 1 change detected
2026-06-14 08:38:11,706 - watchfiles.main - 1 change detected
2026-06-14 08:38:12,121 - watchfiles.main - 1 change detected
2026-06-14 08:38:12,534 - watchfiles.main - 1 change detected
2026-06-14 08:38:12,947 - watchfiles.main - 1 change detected
2026-06-14 08:38:13,408 - watchfiles.main - 1 change detected
2026-06-14 08:38:13,819 - watchfiles.main - 1 change detected
2026-06-14 08:38:14,231 - watchfiles.main - 1 change detected
2026-06-14 08:38:14,651 - watchfiles.main - 1 change detected
2026-06-14 08:38:15,063 - watchfiles.main - 1 change detected
2026-06-14 08:38:15,480 - watchfiles.main - 1 change detected
2026-06-14 08:38:15,895 - watchfiles.main - 1 change detected
2026-06-14 08:38:16,270 - watchfiles.main - 1 change detected
2026-06-14 08:38:16,707 - watchfiles.main - 1 change detected
2026-06-14 08:38:17,162 - watchfiles.main - 1 change detected
2026-06-14 08:38:17,573 - watchfiles.main - 1 change detected
2026-06-14 08:38:17,938 - watchfiles.main - 1 change detected
2026-06-14 08:38:18,401 - watchfiles.main - 1 change detected
2026-06-14 08:38:18,808 - watchfiles.main - 1 change detected
2026-06-14 08:38:19,214 - watchfiles.main - 1 change detected
2026-06-14 08:38:19,633 - watchfiles.main - 1 change detected
2026-06-14 08:38:20,039 - watchfiles.main - 1 change detected
2026-06-14 08:38:20,454 - watchfiles.main - 1 change detected
2026-06-14 08:38:20,917 - watchfiles.main - 1 change detected
2026-06-14 08:38:21,328 - watchfiles.main - 1 change detected
2026-06-14 08:38:21,738 - watchfiles.main - 1 change detected
2026-06-14 08:38:22,145 - watchfiles.main - 1 change detected
2026-06-14 08:38:22,602 - watchfiles.main - 1 change detected
2026-06-14 08:38:22,964 - watchfiles.main - 1 change detected
2026-06-14 08:38:23,376 - watchfiles.main - 1 change detected
2026-06-14 08:38:23,793 - watchfiles.main - 1 change detected
2026-06-14 08:38:24,202 - watchfiles.main - 1 change detected
2026-06-14 08:38:24,605 - watchfiles.main - 1 change detected
2026-06-14 08:38:25,021 - watchfiles.main - 1 change detected
2026-06-14 08:38:25,475 - watchfiles.main - 1 change detected
2026-06-14 08:38:25,879 - watchfiles.main - 1 change detected
2026-06-14 08:38:26,333 - watchfiles.main - 1 change detected
2026-06-14 08:38:26,736 - watchfiles.main - 1 change detected
2026-06-14 08:38:27,148 - watchfiles.main - 1 change detected
2026-06-14 08:38:27,562 - watchfiles.main - 1 change detected
2026-06-14 08:38:27,969 - watchfiles.main - 1 change detected
2026-06-14 08:38:28,379 - watchfiles.main - 1 change detected
2026-06-14 08:38:28,795 - watchfiles.main - 1 change detected
2026-06-14 08:38:29,214 - watchfiles.main - 1 change detected
2026-06-14 08:38:29,619 - watchfiles.main - 1 change detected
2026-06-14 08:38:30,031 - watchfiles.main - 1 change detected
2026-06-14 08:38:30,446 - watchfiles.main - 1 change detected
2026-06-14 08:38:30,950 - watchfiles.main - 1 change detected
2026-06-14 08:38:31,360 - watchfiles.main - 1 change detected
2026-06-14 08:38:31,817 - watchfiles.main - 1 change detected
2026-06-14 08:38:32,233 - watchfiles.main - 1 change detected
2026-06-14 08:38:32,649 - watchfiles.main - 1 change detected
2026-06-14 08:38:33,108 - watchfiles.main - 1 change detected
2026-06-14 08:38:33,516 - watchfiles.main - 1 change detected
2026-06-14 08:38:33,935 - watchfiles.main - 1 change detected
2026-06-14 08:38:34,342 - watchfiles.main - 1 change detected
2026-06-14 08:38:34,754 - watchfiles.main - 1 change detected
2026-06-14 08:38:35,212 - watchfiles.main - 1 change detected
2026-06-14 08:38:35,620 - watchfiles.main - 1 change detected
2026-06-14 08:38:36,038 - watchfiles.main - 1 change detected
2026-06-14 08:38:36,451 - watchfiles.main - 1 change detected
2026-06-14 08:38:36,858 - watchfiles.main - 1 change detected
2026-06-14 08:38:37,260 - watchfiles.main - 1 change detected
2026-06-14 08:38:37,662 - watchfiles.main - 1 change detected
2026-06-14 08:38:38,080 - watchfiles.main - 1 change detected
2026-06-14 08:38:38,488 - watchfiles.main - 1 change detected
2026-06-14 08:38:38,902 - watchfiles.main - 1 change detected
2026-06-14 08:38:39,357 - watchfiles.main - 1 change detected
2026-06-14 08:38:39,761 - watchfiles.main - 1 change detected
2026-06-14 08:38:40,219 - watchfiles.main - 1 change detected
2026-06-14 08:38:40,624 - watchfiles.main - 1 change detected
2026-06-14 08:38:41,039 - watchfiles.main - 1 change detected
2026-06-14 08:38:41,407 - watchfiles.main - 1 change detected
2026-06-14 08:38:41,821 - watchfiles.main - 1 change detected
2026-06-14 08:38:42,227 - watchfiles.main - 1 change detected
2026-06-14 08:38:42,695 - watchfiles.main - 1 change detected
2026-06-14 08:38:43,106 - watchfiles.main - 1 change detected
2026-06-14 08:38:43,516 - watchfiles.main - 1 change detected
2026-06-14 08:38:43,924 - watchfiles.main - 1 change detected
2026-06-14 08:38:44,335 - watchfiles.main - 1 change detected
2026-06-14 08:38:44,745 - watchfiles.main - 1 change detected
2026-06-14 08:38:45,169 - watchfiles.main - 1 change detected
2026-06-14 08:38:45,576 - watchfiles.main - 1 change detected
2026-06-14 08:38:45,982 - watchfiles.main - 1 change detected
2026-06-14 08:38:46,388 - watchfiles.main - 1 change detected
2026-06-14 08:38:46,793 - watchfiles.main - 1 change detected
2026-06-14 08:38:47,209 - watchfiles.main - 1 change detected
2026-06-14 08:38:47,618 - watchfiles.main - 1 change detected
2026-06-14 08:38:48,037 - watchfiles.main - 1 change detected
2026-06-14 08:38:48,445 - watchfiles.main - 1 change detected
2026-06-14 08:38:48,906 - watchfiles.main - 1 change detected
2026-06-14 08:38:49,310 - watchfiles.main - 1 change detected
2026-06-14 08:38:49,673 - watchfiles.main - 1 change detected
2026-06-14 08:38:50,139 - watchfiles.main - 1 change detected
2026-06-14 08:38:50,550 - watchfiles.main - 1 change detected
2026-06-14 08:38:50,970 - watchfiles.main - 1 change detected
2026-06-14 08:38:51,382 - watchfiles.main - 1 change detected
2026-06-14 08:38:51,745 - watchfiles.main - 1 change detected
2026-06-14 08:38:52,199 - watchfiles.main - 1 change detected
2026-06-14 08:38:52,657 - watchfiles.main - 1 change detected
2026-06-14 08:38:53,067 - watchfiles.main - 1 change detected
2026-06-14 08:38:53,482 - watchfiles.main - 1 change detected
2026-06-14 08:38:53,889 - watchfiles.main - 1 change detected
2026-06-14 08:38:54,298 - watchfiles.main - 1 change detected
2026-06-14 08:38:54,713 - watchfiles.main - 1 change detected
2026-06-14 08:38:55,118 - watchfiles.main - 1 change detected
2026-06-14 08:38:55,529 - watchfiles.main - 1 change detected
2026-06-14 08:38:55,946 - watchfiles.main - 1 change detected
2026-06-14 08:38:56,355 - watchfiles.main - 1 change detected
2026-06-14 08:38:56,720 - watchfiles.main - 1 change detected
2026-06-14 08:38:57,139 - watchfiles.main - 1 change detected
2026-06-14 08:38:57,592 - watchfiles.main - 1 change detected
2026-06-14 08:38:58,004 - watchfiles.main - 1 change detected
2026-06-14 08:38:58,408 - watchfiles.main - 1 change detected
2026-06-14 08:38:58,866 - watchfiles.main - 1 change detected
2026-06-14 08:38:59,277 - watchfiles.main - 1 change detected
2026-06-14 08:38:59,692 - watchfiles.main - 1 change detected
2026-06-14 08:39:00,114 - watchfiles.main - 1 change detected
2026-06-14 08:39:00,526 - watchfiles.main - 1 change detected
2026-06-14 08:39:00,944 - watchfiles.main - 1 change detected
2026-06-14 08:39:01,404 - watchfiles.main - 1 change detected
2026-06-14 08:39:01,773 - watchfiles.main - 1 change detected
2026-06-14 08:39:02,181 - watchfiles.main - 1 change detected
2026-06-14 08:39:02,647 - watchfiles.main - 1 change detected
2026-06-14 08:39:03,057 - watchfiles.main - 1 change detected
2026-06-14 08:39:03,460 - watchfiles.main - 1 change detected
2026-06-14 08:39:03,869 - watchfiles.main - 1 change detected
2026-06-14 08:39:04,229 - watchfiles.main - 1 change detected
2026-06-14 08:39:04,689 - watchfiles.main - 1 change detected
2026-06-14 08:39:05,146 - watchfiles.main - 1 change detected
2026-06-14 08:39:05,553 - watchfiles.main - 1 change detected
2026-06-14 08:39:05,958 - watchfiles.main - 1 change detected
2026-06-14 08:39:06,367 - watchfiles.main - 1 change detected
2026-06-14 08:39:06,779 - watchfiles.main - 1 change detected
2026-06-14 08:39:07,203 - watchfiles.main - 1 change detected
2026-06-14 08:39:07,612 - watchfiles.main - 1 change detected
2026-06-14 08:39:08,022 - watchfiles.main - 1 change detected
2026-06-14 08:39:08,430 - watchfiles.main - 1 change detected
2026-06-14 08:39:08,896 - watchfiles.main - 1 change detected
2026-06-14 08:39:09,352 - watchfiles.main - 1 change detected
2026-06-14 08:39:09,762 - watchfiles.main - 1 change detected
2026-06-14 08:39:10,176 - watchfiles.main - 1 change detected
2026-06-14 08:39:10,595 - watchfiles.main - 1 change detected
2026-06-14 08:39:10,997 - watchfiles.main - 1 change detected
2026-06-14 08:39:11,408 - watchfiles.main - 1 change detected
2026-06-14 08:39:11,815 - watchfiles.main - 1 change detected
2026-06-14 08:39:12,229 - watchfiles.main - 1 change detected
2026-06-14 08:39:12,645 - watchfiles.main - 1 change detected
2026-06-14 08:39:13,052 - watchfiles.main - 1 change detected
2026-06-14 08:39:13,468 - watchfiles.main - 1 change detected
2026-06-14 08:39:13,873 - watchfiles.main - 1 change detected
2026-06-14 08:39:14,290 - watchfiles.main - 1 change detected
2026-06-14 08:39:14,703 - watchfiles.main - 1 change detected
2026-06-14 08:39:15,125 - watchfiles.main - 1 change detected
2026-06-14 08:39:15,534 - watchfiles.main - 1 change detected
2026-06-14 08:39:15,948 - watchfiles.main - 1 change detected
2026-06-14 08:39:16,356 - watchfiles.main - 1 change detected
2026-06-14 08:39:16,766 - watchfiles.main - 1 change detected
2026-06-14 08:39:17,176 - watchfiles.main - 1 change detected
2026-06-14 08:39:17,585 - watchfiles.main - 1 change detected
2026-06-14 08:39:18,042 - watchfiles.main - 1 change detected
2026-06-14 08:39:18,450 - watchfiles.main - 1 change detected
2026-06-14 08:39:18,858 - watchfiles.main - 1 change detected
2026-06-14 08:39:19,272 - watchfiles.main - 1 change detected
2026-06-14 08:39:19,728 - watchfiles.main - 1 change detected
2026-06-14 08:39:20,092 - watchfiles.main - 1 change detected
2026-06-14 08:39:20,495 - watchfiles.main - 1 change detected
2026-06-14 08:39:20,903 - watchfiles.main - 1 change detected
2026-06-14 08:39:21,370 - watchfiles.main - 1 change detected
2026-06-14 08:39:21,735 - watchfiles.main - 1 change detected
2026-06-14 08:39:22,153 - watchfiles.main - 1 change detected
2026-06-14 08:39:22,556 - watchfiles.main - 1 change detected
2026-06-14 08:39:22,969 - watchfiles.main - 1 change detected
2026-06-14 08:39:23,425 - watchfiles.main - 1 change detected
2026-06-14 08:39:23,828 - watchfiles.main - 1 change detected
2026-06-14 08:39:24,246 - watchfiles.main - 1 change detected
2026-06-14 08:39:24,648 - watchfiles.main - 1 change detected
2026-06-14 08:39:25,052 - watchfiles.main - 1 change detected
2026-06-14 08:39:25,509 - watchfiles.main - 1 change detected
2026-06-14 08:39:25,913 - watchfiles.main - 1 change detected
2026-06-14 08:39:26,368 - watchfiles.main - 1 change detected
2026-06-14 08:39:26,770 - watchfiles.main - 1 change detected
2026-06-14 08:39:27,182 - watchfiles.main - 1 change detected
2026-06-14 08:39:27,600 - watchfiles.main - 1 change detected
2026-06-14 08:39:28,059 - watchfiles.main - 1 change detected
2026-06-14 08:39:28,467 - watchfiles.main - 1 change detected
2026-06-14 08:39:28,870 - watchfiles.main - 1 change detected
2026-06-14 08:39:29,278 - watchfiles.main - 1 change detected
2026-06-14 08:39:29,688 - watchfiles.main - 1 change detected
2026-06-14 08:39:30,098 - watchfiles.main - 1 change detected
2026-06-14 08:39:30,506 - watchfiles.main - 1 change detected
2026-06-14 08:39:30,914 - watchfiles.main - 1 change detected
2026-06-14 08:39:31,316 - watchfiles.main - 1 change detected
2026-06-14 08:39:31,719 - watchfiles.main - 1 change detected
2026-06-14 08:39:32,188 - watchfiles.main - 1 change detected
2026-06-14 08:39:32,552 - watchfiles.main - 1 change detected
2026-06-14 08:39:32,965 - watchfiles.main - 1 change detected
2026-06-14 08:39:33,378 - watchfiles.main - 1 change detected
2026-06-14 08:39:33,792 - watchfiles.main - 1 change detected
2026-06-14 08:39:34,211 - watchfiles.main - 1 change detected
2026-06-14 08:39:34,629 - watchfiles.main - 1 change detected
2026-06-14 08:39:34,988 - watchfiles.main - 1 change detected
2026-06-14 08:39:35,454 - watchfiles.main - 1 change detected
2026-06-14 08:39:35,858 - watchfiles.main - 1 change detected
2026-06-14 08:39:36,267 - watchfiles.main - 1 change detected
2026-06-14 08:39:36,676 - watchfiles.main - 1 change detected
2026-06-14 08:39:37,086 - watchfiles.main - 1 change detected
2026-06-14 08:39:37,497 - watchfiles.main - 1 change detected
2026-06-14 08:39:37,951 - watchfiles.main - 1 change detected
2026-06-14 08:39:38,368 - watchfiles.main - 1 change detected
2026-06-14 08:39:38,776 - watchfiles.main - 1 change detected
2026-06-14 08:39:39,190 - watchfiles.main - 1 change detected
2026-06-14 08:39:39,605 - watchfiles.main - 1 change detected
2026-06-14 08:39:40,017 - watchfiles.main - 1 change detected
2026-06-14 08:39:40,423 - watchfiles.main - 1 change detected
2026-06-14 08:39:40,877 - watchfiles.main - 1 change detected
2026-06-14 08:39:41,285 - watchfiles.main - 1 change detected
2026-06-14 08:39:41,693 - watchfiles.main - 1 change detected
2026-06-14 08:39:42,105 - watchfiles.main - 1 change detected
2026-06-14 08:39:42,567 - watchfiles.main - 1 change detected
2026-06-14 08:39:42,970 - watchfiles.main - 1 change detected
2026-06-14 08:39:43,390 - watchfiles.main - 1 change detected
2026-06-14 08:39:43,794 - watchfiles.main - 1 change detected
2026-06-14 08:39:44,211 - watchfiles.main - 1 change detected
2026-06-14 08:39:44,618 - watchfiles.main - 1 change detected
2026-06-14 08:39:45,022 - watchfiles.main - 1 change detected
2026-06-14 08:39:45,438 - watchfiles.main - 1 change detected
2026-06-14 08:39:45,901 - watchfiles.main - 1 change detected
2026-06-14 08:39:46,303 - watchfiles.main - 1 change detected
2026-06-14 08:39:46,773 - watchfiles.main - 1 change detected
2026-06-14 08:39:47,180 - watchfiles.main - 1 change detected
2026-06-14 08:39:47,539 - watchfiles.main - 1 change detected
2026-06-14 08:39:47,999 - watchfiles.main - 1 change detected
2026-06-14 08:39:48,403 - watchfiles.main - 1 change detected
2026-06-14 08:39:48,812 - watchfiles.main - 1 change detected
2026-06-14 08:39:49,225 - watchfiles.main - 1 change detected
2026-06-14 08:39:49,641 - watchfiles.main - 1 change detected
2026-06-14 08:39:50,059 - watchfiles.main - 1 change detected
2026-06-14 08:39:50,463 - watchfiles.main - 1 change detected
2026-06-14 08:39:50,893 - watchfiles.main - 1 change detected
2026-06-14 08:39:51,297 - watchfiles.main - 1 change detected
2026-06-14 08:39:51,775 - watchfiles.main - 1 change detected
2026-06-14 08:39:52,140 - watchfiles.main - 1 change detected
2026-06-14 08:39:52,599 - watchfiles.main - 1 change detected
2026-06-14 08:39:53,011 - watchfiles.main - 1 change detected
2026-06-14 08:39:53,417 - watchfiles.main - 1 change detected
2026-06-14 08:39:53,832 - watchfiles.main - 1 change detected
2026-06-14 08:39:54,240 - watchfiles.main - 1 change detected
2026-06-14 08:39:54,650 - watchfiles.main - 1 change detected
2026-06-14 08:39:55,012 - watchfiles.main - 1 change detected
2026-06-14 08:39:55,425 - watchfiles.main - 1 change detected
2026-06-14 08:39:55,828 - watchfiles.main - 1 change detected
2026-06-14 08:39:56,239 - watchfiles.main - 1 change detected
2026-06-14 08:39:56,694 - watchfiles.main - 1 change detected
2026-06-14 08:39:57,103 - watchfiles.main - 1 change detected
2026-06-14 08:39:57,512 - watchfiles.main - 1 change detected
2026-06-14 08:39:57,921 - watchfiles.main - 1 change detected
2026-06-14 08:39:58,331 - watchfiles.main - 1 change detected
2026-06-14 08:39:58,740 - watchfiles.main - 1 change detected
2026-06-14 08:39:59,149 - watchfiles.main - 1 change detected
2026-06-14 08:39:59,575 - watchfiles.main - 1 change detected
2026-06-14 08:39:59,983 - watchfiles.main - 1 change detected
2026-06-14 08:40:00,400 - watchfiles.main - 1 change detected
2026-06-14 08:40:00,811 - watchfiles.main - 1 change detected
2026-06-14 08:40:01,228 - watchfiles.main - 1 change detected
2026-06-14 08:40:01,644 - watchfiles.main - 1 change detected
2026-06-14 08:40:02,049 - watchfiles.main - 1 change detected
2026-06-14 08:40:02,463 - watchfiles.main - 1 change detected
2026-06-14 08:40:02,873 - watchfiles.main - 1 change detected
2026-06-14 08:40:03,283 - watchfiles.main - 1 change detected
2026-06-14 08:40:03,692 - watchfiles.main - 1 change detected
2026-06-14 08:40:04,100 - watchfiles.main - 1 change detected
2026-06-14 08:40:04,511 - watchfiles.main - 1 change detected
2026-06-14 08:40:04,929 - watchfiles.main - 1 change detected
2026-06-14 08:40:05,291 - watchfiles.main - 1 change detected
2026-06-14 08:40:05,756 - watchfiles.main - 1 change detected
2026-06-14 08:40:06,170 - watchfiles.main - 1 change detected
2026-06-14 08:40:06,578 - watchfiles.main - 1 change detected
2026-06-14 08:40:06,943 - watchfiles.main - 1 change detected
2026-06-14 08:42:56,446 - watchfiles.main - 3 changes detected
2026-06-14 08:42:56,899 - easyocr.easyocr - Neither CUDA nor MPS are available - defaulting to CPU. Note: This module is much faster with a GPU.
2026-06-14 08:43:18,936 - easyocr.easyocr - Neither CUDA nor MPS are available - defaulting to CPU. Note: This module is much faster with a GPU.
2026-06-14 08:45:02,118 - google_genai.models - AFC is enabled with max remote calls: 10.
2026-06-14 08:45:13,352 - httpx - HTTP Request: POST https://generativelanguage.googleapis.com/v1beta/models/gemini-2.5-flash:generateContent "HTTP/1.1 200 OK"
2026-06-15 08:43:56,672 - watchfiles.main - 1 change detected
2026-06-15 18:03:24,789 - watchfiles.main - 3 changes detected
2026-06-15 18:03:25,447 - easyocr.easyocr - Neither CUDA nor MPS are available - defaulting to CPU. Note: This module is much faster with a GPU.
2026-06-15 18:03:53,188 - easyocr.easyocr - Neither CUDA nor MPS are available - defaulting to CPU. Note: This module is much faster with a GPU.
2026-06-15 18:05:33,109 - google_genai.models - AFC is enabled with max remote calls: 10.
2026-06-15 18:05:40,864 - httpx - HTTP Request: POST https://generativelanguage.googleapis.com/v1beta/models/gemini-2.5-flash:generateContent "HTTP/1.1 200 OK"
2026-06-15 18:06:12,906 - sentence_transformers.base.model - No device provided, using cpu
2026-06-15 18:06:14,670 - httpx - HTTP Request: HEAD https://huggingface.co/sentence-transformers/all-MiniLM-L6-v2/resolve/main/modules.json "HTTP/1.1 307 Temporary Redirect"
2026-06-15 18:06:14,770 - httpx - HTTP Request: HEAD https://huggingface.co/api/resolve-cache/models/sentence-transformers/all-MiniLM-L6-v2/1110a243fdf4706b3f48f1d95db1a4f5529b4d41/modules.json "HTTP/1.1 200 OK"
2026-06-15 18:06:15,202 - httpx - HTTP Request: HEAD https://huggingface.co/sentence-transformers/all-MiniLM-L6-v2/resolve/main/config_sentence_transformers.json "HTTP/1.1 307 Temporary Redirect"
2026-06-15 18:06:15,310 - httpx - HTTP Request: HEAD https://huggingface.co/api/resolve-cache/models/sentence-transformers/all-MiniLM-L6-v2/1110a243fdf4706b3f48f1d95db1a4f5529b4d41/config_sentence_transformers.json "HTTP/1.1 200 OK"
2026-06-15 18:06:15,419 - sentence_transformers.base.model - Loading SentenceTransformer model from sentence-transformers/all-MiniLM-L6-v2.
2026-06-15 18:06:15,738 - httpx - HTTP Request: HEAD https://huggingface.co/sentence-transformers/all-MiniLM-L6-v2/resolve/main/config_sentence_transformers.json "HTTP/1.1 307 Temporary Redirect"
2026-06-15 18:06:15,741 - huggingface_hub.utils._http - Warning: You are sending unauthenticated requests to the HF Hub. Please set a HF_TOKEN to enable higher rate limits and faster downloads.
2026-06-15 18:06:15,830 - httpx - HTTP Request: HEAD https://huggingface.co/api/resolve-cache/models/sentence-transformers/all-MiniLM-L6-v2/1110a243fdf4706b3f48f1d95db1a4f5529b4d41/config_sentence_transformers.json "HTTP/1.1 200 OK"
2026-06-15 18:06:16,152 - httpx - HTTP Request: HEAD https://huggingface.co/sentence-transformers/all-MiniLM-L6-v2/resolve/main/README.md "HTTP/1.1 307 Temporary Redirect"
2026-06-15 18:06:16,236 - httpx - HTTP Request: HEAD https://huggingface.co/api/resolve-cache/models/sentence-transformers/all-MiniLM-L6-v2/1110a243fdf4706b3f48f1d95db1a4f5529b4d41/README.md "HTTP/1.1 200 OK"
2026-06-15 18:06:16,811 - httpx - HTTP Request: HEAD https://huggingface.co/sentence-transformers/all-MiniLM-L6-v2/resolve/main/modules.json "HTTP/1.1 307 Temporary Redirect"
2026-06-15 18:06:16,903 - httpx - HTTP Request: HEAD https://huggingface.co/api/resolve-cache/models/sentence-transformers/all-MiniLM-L6-v2/1110a243fdf4706b3f48f1d95db1a4f5529b4d41/modules.json "HTTP/1.1 200 OK"
2026-06-15 18:06:17,287 - httpx - HTTP Request: HEAD https://huggingface.co/sentence-transformers/all-MiniLM-L6-v2/resolve/main/sentence_bert_config.json "HTTP/1.1 307 Temporary Redirect"
2026-06-15 18:06:17,396 - httpx - HTTP Request: HEAD https://huggingface.co/api/resolve-cache/models/sentence-transformers/all-MiniLM-L6-v2/1110a243fdf4706b3f48f1d95db1a4f5529b4d41/sentence_bert_config.json "HTTP/1.1 200 OK"
2026-06-15 18:06:17,774 - httpx - HTTP Request: HEAD https://huggingface.co/sentence-transformers/all-MiniLM-L6-v2/resolve/main/adapter_config.json "HTTP/1.1 404 Not Found"
2026-06-15 18:06:18,111 - httpx - HTTP Request: HEAD https://huggingface.co/sentence-transformers/all-MiniLM-L6-v2/resolve/main/config.json "HTTP/1.1 307 Temporary Redirect"
2026-06-15 18:06:18,202 - httpx - HTTP Request: HEAD https://huggingface.co/api/resolve-cache/models/sentence-transformers/all-MiniLM-L6-v2/1110a243fdf4706b3f48f1d95db1a4f5529b4d41/config.json "HTTP/1.1 200 OK"
2026-06-15 18:06:19,749 - httpx - HTTP Request: HEAD https://huggingface.co/sentence-transformers/all-MiniLM-L6-v2/resolve/main/processor_config.json "HTTP/1.1 404 Not Found"
2026-06-15 18:06:20,102 - httpx - HTTP Request: HEAD https://huggingface.co/sentence-transformers/all-MiniLM-L6-v2/resolve/main/preprocessor_config.json "HTTP/1.1 404 Not Found"
2026-06-15 18:06:20,403 - httpx - HTTP Request: HEAD https://huggingface.co/sentence-transformers/all-MiniLM-L6-v2/resolve/main/video_preprocessor_config.json "HTTP/1.1 404 Not Found"
2026-06-15 18:06:20,742 - httpx - HTTP Request: HEAD https://huggingface.co/sentence-transformers/all-MiniLM-L6-v2/resolve/main/preprocessor_config.json "HTTP/1.1 404 Not Found"
2026-06-15 18:06:21,099 - httpx - HTTP Request: HEAD https://huggingface.co/sentence-transformers/all-MiniLM-L6-v2/resolve/main/tokenizer_config.json "HTTP/1.1 307 Temporary Redirect"
2026-06-15 18:06:21,214 - httpx - HTTP Request: HEAD https://huggingface.co/api/resolve-cache/models/sentence-transformers/all-MiniLM-L6-v2/1110a243fdf4706b3f48f1d95db1a4f5529b4d41/tokenizer_config.json "HTTP/1.1 200 OK"
2026-06-15 18:06:21,673 - httpx - HTTP Request: HEAD https://huggingface.co/sentence-transformers/all-MiniLM-L6-v2/resolve/main/config.json "HTTP/1.1 307 Temporary Redirect"
2026-06-15 18:06:21,761 - httpx - HTTP Request: HEAD https://huggingface.co/api/resolve-cache/models/sentence-transformers/all-MiniLM-L6-v2/1110a243fdf4706b3f48f1d95db1a4f5529b4d41/config.json "HTTP/1.1 200 OK"
2026-06-15 18:06:22,096 - httpx - HTTP Request: HEAD https://huggingface.co/sentence-transformers/all-MiniLM-L6-v2/resolve/main/config.json "HTTP/1.1 307 Temporary Redirect"
2026-06-15 18:06:22,182 - httpx - HTTP Request: HEAD https://huggingface.co/api/resolve-cache/models/sentence-transformers/all-MiniLM-L6-v2/1110a243fdf4706b3f48f1d95db1a4f5529b4d41/config.json "HTTP/1.1 200 OK"
2026-06-15 18:06:22,501 - httpx - HTTP Request: HEAD https://huggingface.co/sentence-transformers/all-MiniLM-L6-v2/resolve/main/tokenizer_config.json "HTTP/1.1 307 Temporary Redirect"
2026-06-15 18:06:22,591 - httpx - HTTP Request: HEAD https://huggingface.co/api/resolve-cache/models/sentence-transformers/all-MiniLM-L6-v2/1110a243fdf4706b3f48f1d95db1a4f5529b4d41/tokenizer_config.json "HTTP/1.1 200 OK"
2026-06-15 18:06:22,935 - httpx - HTTP Request: GET https://huggingface.co/api/models/sentence-transformers/all-MiniLM-L6-v2/tree/main/additional_chat_templates?recursive=false&expand=false "HTTP/1.1 404 Not Found"
2026-06-15 18:06:23,271 - httpx - HTTP Request: GET https://huggingface.co/api/models/sentence-transformers/all-MiniLM-L6-v2/tree/main?recursive=true&expand=false "HTTP/1.1 200 OK"
2026-06-15 18:06:24,158 - httpx - HTTP Request: HEAD https://huggingface.co/sentence-transformers/all-MiniLM-L6-v2/resolve/main/1_Pooling/config.json "HTTP/1.1 307 Temporary Redirect"
2026-06-15 18:06:24,261 - httpx - HTTP Request: HEAD https://huggingface.co/api/resolve-cache/models/sentence-transformers/all-MiniLM-L6-v2/1110a243fdf4706b3f48f1d95db1a4f5529b4d41/1_Pooling%2Fconfig.json "HTTP/1.1 200 OK"
2026-06-15 18:06:24,610 - httpx - HTTP Request: GET https://huggingface.co/api/models/sentence-transformers/all-MiniLM-L6-v2 "HTTP/1.1 200 OK"
2026-06-15 18:06:24,639 - services.kyc_vector_service - Successfully initialized embedding model: sentence-transformers/all-MiniLM-L6-v2
2026-06-15 18:06:27,471 - watchfiles.main - 4 changes detected
2026-06-15 18:06:27,569 - services.kyc_vector_service - Connected to Chroma collection: 'vijay_mallya' at './chroma_db'
2026-06-15 18:06:27,891 - watchfiles.main - 5 changes detected
2026-06-15 18:06:28,251 - watchfiles.main - 1 change detected
2026-06-15 18:06:28,699 - google_genai.models - AFC is enabled with max remote calls: 10.
2026-06-15 18:06:32,670 - httpx - HTTP Request: POST https://generativelanguage.googleapis.com/v1beta/models/gemini-2.5-flash:generateContent "HTTP/1.1 200 OK"
2026-06-15 18:15:30,109 - watchfiles.main - 1 change detected
2026-06-15 18:20:08,955 - watchfiles.main - 5 changes detected
2026-06-15 18:20:30,941 - watchfiles.main - 10 changes detected
2026-06-15 18:22:00,116 - watchfiles.main - 3 changes detected
2026-06-15 18:22:00,815 - easyocr.easyocr - Neither CUDA nor MPS are available - defaulting to CPU. Note: This module is much faster with a GPU.
2026-06-15 18:22:33,582 - easyocr.easyocr - Neither CUDA nor MPS are available - defaulting to CPU. Note: This module is much faster with a GPU.
2026-06-15 18:24:52,196 - google_genai.models - AFC is enabled with max remote calls: 10.
2026-06-15 18:25:09,491 - httpx - HTTP Request: POST https://generativelanguage.googleapis.com/v1beta/models/gemini-2.5-flash:generateContent "HTTP/1.1 200 OK"
2026-06-15 18:25:25,280 - sentence_transformers.base.model - No device provided, using cpu
2026-06-15 18:25:25,882 - httpx - HTTP Request: HEAD https://huggingface.co/sentence-transformers/all-MiniLM-L6-v2/resolve/main/modules.json "HTTP/1.1 307 Temporary Redirect"
2026-06-15 18:25:25,884 - huggingface_hub.utils._http - Warning: You are sending unauthenticated requests to the HF Hub. Please set a HF_TOKEN to enable higher rate limits and faster downloads.
2026-06-15 18:25:25,999 - httpx - HTTP Request: HEAD https://huggingface.co/api/resolve-cache/models/sentence-transformers/all-MiniLM-L6-v2/1110a243fdf4706b3f48f1d95db1a4f5529b4d41/modules.json "HTTP/1.1 200 OK"
2026-06-15 18:25:26,285 - httpx - HTTP Request: HEAD https://huggingface.co/sentence-transformers/all-MiniLM-L6-v2/resolve/main/config_sentence_transformers.json "HTTP/1.1 307 Temporary Redirect"
2026-06-15 18:25:26,382 - httpx - HTTP Request: HEAD https://huggingface.co/api/resolve-cache/models/sentence-transformers/all-MiniLM-L6-v2/1110a243fdf4706b3f48f1d95db1a4f5529b4d41/config_sentence_transformers.json "HTTP/1.1 200 OK"
2026-06-15 18:25:26,405 - sentence_transformers.base.model - Loading SentenceTransformer model from sentence-transformers/all-MiniLM-L6-v2.
2026-06-15 18:25:26,729 - httpx - HTTP Request: HEAD https://huggingface.co/sentence-transformers/all-MiniLM-L6-v2/resolve/main/config_sentence_transformers.json "HTTP/1.1 307 Temporary Redirect"
2026-06-15 18:25:26,813 - httpx - HTTP Request: HEAD https://huggingface.co/api/resolve-cache/models/sentence-transformers/all-MiniLM-L6-v2/1110a243fdf4706b3f48f1d95db1a4f5529b4d41/config_sentence_transformers.json "HTTP/1.1 200 OK"
2026-06-15 18:25:27,083 - httpx - HTTP Request: HEAD https://huggingface.co/sentence-transformers/all-MiniLM-L6-v2/resolve/main/README.md "HTTP/1.1 307 Temporary Redirect"
2026-06-15 18:25:27,165 - httpx - HTTP Request: HEAD https://huggingface.co/api/resolve-cache/models/sentence-transformers/all-MiniLM-L6-v2/1110a243fdf4706b3f48f1d95db1a4f5529b4d41/README.md "HTTP/1.1 200 OK"
2026-06-15 18:25:27,444 - httpx - HTTP Request: HEAD https://huggingface.co/sentence-transformers/all-MiniLM-L6-v2/resolve/main/modules.json "HTTP/1.1 307 Temporary Redirect"
2026-06-15 18:25:27,526 - httpx - HTTP Request: HEAD https://huggingface.co/api/resolve-cache/models/sentence-transformers/all-MiniLM-L6-v2/1110a243fdf4706b3f48f1d95db1a4f5529b4d41/modules.json "HTTP/1.1 200 OK"
2026-06-15 18:25:27,825 - httpx - HTTP Request: HEAD https://huggingface.co/sentence-transformers/all-MiniLM-L6-v2/resolve/main/sentence_bert_config.json "HTTP/1.1 307 Temporary Redirect"
2026-06-15 18:25:27,919 - httpx - HTTP Request: HEAD https://huggingface.co/api/resolve-cache/models/sentence-transformers/all-MiniLM-L6-v2/1110a243fdf4706b3f48f1d95db1a4f5529b4d41/sentence_bert_config.json "HTTP/1.1 200 OK"
2026-06-15 18:25:28,638 - httpx - HTTP Request: HEAD https://huggingface.co/sentence-transformers/all-MiniLM-L6-v2/resolve/main/adapter_config.json "HTTP/1.1 404 Not Found"
2026-06-15 18:25:28,963 - httpx - HTTP Request: HEAD https://huggingface.co/sentence-transformers/all-MiniLM-L6-v2/resolve/main/config.json "HTTP/1.1 307 Temporary Redirect"
2026-06-15 18:25:29,045 - httpx - HTTP Request: HEAD https://huggingface.co/api/resolve-cache/models/sentence-transformers/all-MiniLM-L6-v2/1110a243fdf4706b3f48f1d95db1a4f5529b4d41/config.json "HTTP/1.1 200 OK"
2026-06-15 18:25:29,924 - httpx - HTTP Request: HEAD https://huggingface.co/sentence-transformers/all-MiniLM-L6-v2/resolve/main/processor_config.json "HTTP/1.1 404 Not Found"
2026-06-15 18:25:30,209 - httpx - HTTP Request: HEAD https://huggingface.co/sentence-transformers/all-MiniLM-L6-v2/resolve/main/preprocessor_config.json "HTTP/1.1 404 Not Found"
2026-06-15 18:25:30,522 - httpx - HTTP Request: HEAD https://huggingface.co/sentence-transformers/all-MiniLM-L6-v2/resolve/main/video_preprocessor_config.json "HTTP/1.1 404 Not Found"
2026-06-15 18:25:30,831 - httpx - HTTP Request: HEAD https://huggingface.co/sentence-transformers/all-MiniLM-L6-v2/resolve/main/preprocessor_config.json "HTTP/1.1 404 Not Found"
2026-06-15 18:25:31,162 - httpx - HTTP Request: HEAD https://huggingface.co/sentence-transformers/all-MiniLM-L6-v2/resolve/main/tokenizer_config.json "HTTP/1.1 307 Temporary Redirect"
2026-06-15 18:25:31,246 - httpx - HTTP Request: HEAD https://huggingface.co/api/resolve-cache/models/sentence-transformers/all-MiniLM-L6-v2/1110a243fdf4706b3f48f1d95db1a4f5529b4d41/tokenizer_config.json "HTTP/1.1 200 OK"
2026-06-15 18:25:31,611 - httpx - HTTP Request: HEAD https://huggingface.co/sentence-transformers/all-MiniLM-L6-v2/resolve/main/config.json "HTTP/1.1 307 Temporary Redirect"
2026-06-15 18:25:31,694 - httpx - HTTP Request: HEAD https://huggingface.co/api/resolve-cache/models/sentence-transformers/all-MiniLM-L6-v2/1110a243fdf4706b3f48f1d95db1a4f5529b4d41/config.json "HTTP/1.1 200 OK"
2026-06-15 18:25:32,003 - httpx - HTTP Request: HEAD https://huggingface.co/sentence-transformers/all-MiniLM-L6-v2/resolve/main/config.json "HTTP/1.1 307 Temporary Redirect"
2026-06-15 18:25:32,082 - httpx - HTTP Request: HEAD https://huggingface.co/api/resolve-cache/models/sentence-transformers/all-MiniLM-L6-v2/1110a243fdf4706b3f48f1d95db1a4f5529b4d41/config.json "HTTP/1.1 200 OK"
2026-06-15 18:25:32,443 - httpx - HTTP Request: HEAD https://huggingface.co/sentence-transformers/all-MiniLM-L6-v2/resolve/main/tokenizer_config.json "HTTP/1.1 307 Temporary Redirect"
2026-06-15 18:25:32,542 - httpx - HTTP Request: HEAD https://huggingface.co/api/resolve-cache/models/sentence-transformers/all-MiniLM-L6-v2/1110a243fdf4706b3f48f1d95db1a4f5529b4d41/tokenizer_config.json "HTTP/1.1 200 OK"
2026-06-15 18:25:32,838 - httpx - HTTP Request: GET https://huggingface.co/api/models/sentence-transformers/all-MiniLM-L6-v2/tree/main/additional_chat_templates?recursive=false&expand=false "HTTP/1.1 404 Not Found"
2026-06-15 18:25:33,123 - httpx - HTTP Request: GET https://huggingface.co/api/models/sentence-transformers/all-MiniLM-L6-v2/tree/main?recursive=true&expand=false "HTTP/1.1 200 OK"
2026-06-15 18:25:33,625 - httpx - HTTP Request: HEAD https://huggingface.co/sentence-transformers/all-MiniLM-L6-v2/resolve/main/1_Pooling/config.json "HTTP/1.1 307 Temporary Redirect"
2026-06-15 18:25:33,696 - httpx - HTTP Request: HEAD https://huggingface.co/api/resolve-cache/models/sentence-transformers/all-MiniLM-L6-v2/1110a243fdf4706b3f48f1d95db1a4f5529b4d41/1_Pooling%2Fconfig.json "HTTP/1.1 200 OK"
2026-06-15 18:25:34,001 - httpx - HTTP Request: GET https://huggingface.co/api/models/sentence-transformers/all-MiniLM-L6-v2 "HTTP/1.1 200 OK"
2026-06-15 18:25:34,030 - services.kyc_vector_service - Successfully initialized embedding model: sentence-transformers/all-MiniLM-L6-v2
2026-06-15 18:25:34,607 - watchfiles.main - 3 changes detected
2026-06-15 18:25:34,630 - services.kyc_vector_service - Connected to Chroma collection: 'vijay_mallya' at './chroma_db'
2026-06-15 18:25:35,526 - google_genai.models - AFC is enabled with max remote calls: 10.
2026-06-15 18:25:37,523 - httpx - HTTP Request: POST https://generativelanguage.googleapis.com/v1beta/models/gemini-2.5-flash:generateContent "HTTP/1.1 503 Service Unavailable"
2026-06-15 18:26:29,319 - watchfiles.main - 4 changes detected
2026-06-15 18:26:29,972 - easyocr.easyocr - Neither CUDA nor MPS are available - defaulting to CPU. Note: This module is much faster with a GPU.
2026-06-15 18:26:56,745 - easyocr.easyocr - Neither CUDA nor MPS are available - defaulting to CPU. Note: This module is much faster with a GPU.
2026-06-15 18:29:34,909 - google_genai.models - AFC is enabled with max remote calls: 10.
2026-06-15 18:29:35,696 - httpx - HTTP Request: POST https://generativelanguage.googleapis.com/v1beta/models/gemini-2.5-flash:generateContent "HTTP/1.1 503 Service Unavailable"
2026-06-15 18:30:39,620 - watchfiles.main - 1 change detected
2026-06-15 18:31:01,553 - watchfiles.main - 2 changes detected
2026-06-15 18:31:21,822 - watchfiles.main - 5 changes detected
2026-06-15 18:35:29,455 - watchfiles.main - 4 changes detected
2026-06-15 18:35:29,853 - easyocr.easyocr - Neither CUDA nor MPS are available - defaulting to CPU. Note: This module is much faster with a GPU.
2026-06-15 18:35:49,857 - easyocr.easyocr - Neither CUDA nor MPS are available - defaulting to CPU. Note: This module is much faster with a GPU.
2026-06-15 18:37:22,721 - google_genai.models - AFC is enabled with max remote calls: 10.
2026-06-15 18:37:38,010 - httpx - HTTP Request: POST https://generativelanguage.googleapis.com/v1beta/models/gemini-2.5-flash:generateContent "HTTP/1.1 200 OK"
2026-06-16 17:30:47,728 - watchfiles.main - 1 change detected
2026-06-16 17:31:35,691 - watchfiles.main - 2 changes detected
2026-06-16 17:31:36,892 - watchfiles.main - 5 changes detected
2026-06-16 17:32:03,967 - watchfiles.main - 4 changes detected
2026-06-16 17:33:42,814 - watchfiles.main - 4 changes detected
2026-06-16 17:33:44,007 - easyocr.easyocr - Neither CUDA nor MPS are available - defaulting to CPU. Note: This module is much faster with a GPU.
2026-06-16 17:34:15,377 - easyocr.easyocr - Neither CUDA nor MPS are available - defaulting to CPU. Note: This module is much faster with a GPU.
2026-06-16 17:35:02,322 - watchfiles.main - 1 change detected
2026-06-16 17:35:02,764 - watchfiles.main - 1 change detected
2026-06-16 17:35:03,119 - watchfiles.main - 1 change detected
2026-06-16 17:35:03,533 - watchfiles.main - 1 change detected
2026-06-16 17:35:03,936 - watchfiles.main - 1 change detected
2026-06-16 17:35:04,343 - watchfiles.main - 1 change detected
2026-06-16 17:35:04,747 - watchfiles.main - 1 change detected
2026-06-16 17:35:05,154 - watchfiles.main - 1 change detected
2026-06-16 17:35:05,572 - watchfiles.main - 1 change detected
2026-06-16 17:35:05,990 - watchfiles.main - 1 change detected
2026-06-16 17:35:06,356 - watchfiles.main - 1 change detected
2026-06-16 17:35:06,765 - watchfiles.main - 1 change detected
2026-06-16 17:35:07,181 - watchfiles.main - 1 change detected
2026-06-16 17:35:07,595 - watchfiles.main - 1 change detected
2026-06-16 17:35:08,006 - watchfiles.main - 1 change detected
2026-06-16 17:35:08,424 - watchfiles.main - 1 change detected
2026-06-16 17:35:08,832 - watchfiles.main - 1 change detected
2026-06-16 17:35:09,236 - watchfiles.main - 1 change detected
2026-06-16 17:35:09,655 - watchfiles.main - 1 change detected
2026-06-16 17:35:10,072 - watchfiles.main - 1 change detected
2026-06-16 17:35:10,427 - watchfiles.main - 1 change detected
2026-06-16 17:35:10,843 - watchfiles.main - 1 change detected
2026-06-16 17:35:11,256 - watchfiles.main - 1 change detected
2026-06-16 17:35:11,719 - watchfiles.main - 1 change detected
2026-06-16 17:35:12,141 - watchfiles.main - 1 change detected
2026-06-16 17:35:12,549 - watchfiles.main - 1 change detected
2026-06-16 17:35:12,954 - watchfiles.main - 1 change detected
2026-06-16 17:35:13,358 - watchfiles.main - 1 change detected
2026-06-16 17:35:13,716 - watchfiles.main - 1 change detected
2026-06-16 17:35:14,119 - watchfiles.main - 1 change detected
2026-06-16 17:35:14,536 - watchfiles.main - 1 change detected
2026-06-16 17:35:14,953 - watchfiles.main - 1 change detected
2026-06-16 17:35:15,315 - watchfiles.main - 1 change detected
2026-06-16 17:35:15,745 - watchfiles.main - 1 change detected
2026-06-16 17:35:16,212 - watchfiles.main - 1 change detected
2026-06-16 17:35:16,656 - watchfiles.main - 1 change detected
2026-06-16 17:35:17,012 - watchfiles.main - 1 change detected
2026-06-16 17:35:17,421 - watchfiles.main - 1 change detected
2026-06-16 17:35:17,843 - watchfiles.main - 1 change detected
2026-06-16 17:35:18,256 - watchfiles.main - 1 change detected
2026-06-16 17:35:18,672 - watchfiles.main - 1 change detected
2026-06-16 17:35:19,088 - watchfiles.main - 1 change detected
2026-06-16 17:35:19,507 - watchfiles.main - 1 change detected
2026-06-16 17:35:19,924 - watchfiles.main - 1 change detected
2026-06-16 17:35:20,340 - watchfiles.main - 1 change detected
2026-06-16 17:35:20,827 - watchfiles.main - 1 change detected
2026-06-16 17:35:21,230 - watchfiles.main - 1 change detected
2026-06-16 17:35:21,635 - watchfiles.main - 1 change detected
2026-06-16 17:35:22,048 - watchfiles.main - 1 change detected
2026-06-16 17:35:22,451 - watchfiles.main - 1 change detected
2026-06-16 17:35:22,866 - watchfiles.main - 1 change detected
2026-06-16 17:35:23,278 - watchfiles.main - 1 change detected
2026-06-16 17:35:23,689 - watchfiles.main - 1 change detected
2026-06-16 17:35:24,095 - watchfiles.main - 1 change detected
2026-06-16 17:35:24,505 - watchfiles.main - 1 change detected
2026-06-16 17:35:24,911 - watchfiles.main - 1 change detected
2026-06-16 17:35:25,293 - watchfiles.main - 1 change detected
2026-06-16 17:35:25,752 - watchfiles.main - 1 change detected
2026-06-16 17:35:26,165 - watchfiles.main - 1 change detected
2026-06-16 17:35:26,568 - watchfiles.main - 1 change detected
2026-06-16 17:35:26,972 - watchfiles.main - 1 change detected
2026-06-16 17:35:27,379 - watchfiles.main - 1 change detected
2026-06-16 17:35:27,781 - watchfiles.main - 1 change detected
2026-06-16 17:35:28,191 - watchfiles.main - 1 change detected
2026-06-16 17:35:28,557 - watchfiles.main - 1 change detected
2026-06-16 17:35:28,996 - watchfiles.main - 1 change detected
2026-06-16 17:35:29,416 - watchfiles.main - 1 change detected
2026-06-16 17:35:29,881 - watchfiles.main - 1 change detected
2026-06-16 17:35:30,303 - watchfiles.main - 1 change detected
2026-06-16 17:35:30,715 - watchfiles.main - 1 change detected
2026-06-16 17:35:31,121 - watchfiles.main - 1 change detected
2026-06-16 17:35:31,531 - watchfiles.main - 1 change detected
2026-06-16 17:35:31,947 - watchfiles.main - 1 change detected
2026-06-16 17:35:32,353 - watchfiles.main - 1 change detected
2026-06-16 17:35:32,769 - watchfiles.main - 1 change detected
2026-06-16 17:35:33,176 - watchfiles.main - 1 change detected
2026-06-16 17:35:33,593 - watchfiles.main - 1 change detected
2026-06-16 17:35:34,010 - watchfiles.main - 1 change detected
2026-06-16 17:35:34,417 - watchfiles.main - 1 change detected
2026-06-16 17:35:34,823 - watchfiles.main - 1 change detected
2026-06-16 17:35:35,231 - watchfiles.main - 1 change detected
2026-06-16 17:35:35,648 - watchfiles.main - 1 change detected
2026-06-16 17:35:36,014 - watchfiles.main - 1 change detected
2026-06-16 17:35:36,422 - watchfiles.main - 1 change detected
2026-06-16 17:35:36,828 - watchfiles.main - 1 change detected
2026-06-16 17:35:37,233 - watchfiles.main - 1 change detected
2026-06-16 17:35:37,649 - watchfiles.main - 1 change detected
2026-06-16 17:35:38,052 - watchfiles.main - 1 change detected
2026-06-16 17:35:38,459 - watchfiles.main - 1 change detected
2026-06-16 17:35:38,876 - watchfiles.main - 1 change detected
2026-06-16 17:35:39,291 - watchfiles.main - 1 change detected
2026-06-16 17:35:39,950 - watchfiles.main - 1 change detected
2026-06-16 17:35:40,359 - watchfiles.main - 1 change detected
2026-06-16 17:35:40,780 - watchfiles.main - 1 change detected
2026-06-16 17:35:41,250 - watchfiles.main - 1 change detected
2026-06-16 17:35:41,608 - watchfiles.main - 1 change detected
2026-06-16 17:35:42,025 - watchfiles.main - 1 change detected
2026-06-16 17:35:43,252 - watchfiles.main - 1 change detected
2026-06-16 17:35:43,618 - watchfiles.main - 1 change detected
2026-06-16 17:35:43,985 - watchfiles.main - 1 change detected
2026-06-16 17:35:44,401 - watchfiles.main - 1 change detected
2026-06-16 17:35:44,809 - watchfiles.main - 1 change detected
2026-06-16 17:35:45,221 - watchfiles.main - 1 change detected
2026-06-16 17:35:45,638 - watchfiles.main - 1 change detected
2026-06-16 17:35:46,047 - watchfiles.main - 1 change detected
2026-06-16 17:35:46,454 - watchfiles.main - 1 change detected
2026-06-16 17:35:46,870 - watchfiles.main - 1 change detected
2026-06-16 17:35:47,276 - watchfiles.main - 1 change detected
2026-06-16 17:35:47,681 - watchfiles.main - 1 change detected
2026-06-16 17:35:48,086 - watchfiles.main - 1 change detected
2026-06-16 17:35:48,492 - watchfiles.main - 1 change detected
2026-06-16 17:35:48,909 - watchfiles.main - 1 change detected
2026-06-16 17:35:49,325 - watchfiles.main - 1 change detected
2026-06-16 17:35:49,731 - watchfiles.main - 1 change detected
2026-06-16 17:35:50,139 - watchfiles.main - 1 change detected
2026-06-16 17:35:50,556 - watchfiles.main - 1 change detected
2026-06-16 17:35:50,958 - watchfiles.main - 1 change detected
2026-06-16 17:35:51,373 - watchfiles.main - 1 change detected
2026-06-16 17:35:51,784 - watchfiles.main - 1 change detected
2026-06-16 17:35:52,152 - watchfiles.main - 1 change detected
2026-06-16 17:35:52,554 - watchfiles.main - 1 change detected
2026-06-16 17:35:52,960 - watchfiles.main - 1 change detected
2026-06-16 17:35:53,368 - watchfiles.main - 1 change detected
2026-06-16 17:35:53,776 - watchfiles.main - 1 change detected
2026-06-16 17:35:54,193 - watchfiles.main - 1 change detected
2026-06-16 17:35:54,610 - watchfiles.main - 1 change detected
2026-06-16 17:35:55,014 - watchfiles.main - 1 change detected
2026-06-16 17:35:55,422 - watchfiles.main - 1 change detected
2026-06-16 17:35:55,788 - watchfiles.main - 1 change detected
2026-06-16 17:35:56,216 - watchfiles.main - 1 change detected
2026-06-16 17:35:56,629 - watchfiles.main - 1 change detected
2026-06-16 17:35:57,036 - watchfiles.main - 1 change detected
2026-06-16 17:35:57,553 - watchfiles.main - 3 changes detected
2026-06-16 17:35:57,919 - watchfiles.main - 1 change detected
2026-06-16 17:35:58,282 - watchfiles.main - 1 change detected
2026-06-16 17:35:58,683 - watchfiles.main - 1 change detected
2026-06-16 17:35:59,090 - watchfiles.main - 1 change detected
2026-06-16 17:35:59,456 - watchfiles.main - 1 change detected
2026-06-16 17:35:59,873 - watchfiles.main - 1 change detected
2026-06-16 17:36:00,282 - watchfiles.main - 1 change detected
2026-06-16 17:36:00,689 - watchfiles.main - 1 change detected
2026-06-16 17:36:01,106 - watchfiles.main - 1 change detected
2026-06-16 17:36:01,508 - watchfiles.main - 1 change detected
2026-06-16 17:36:01,913 - watchfiles.main - 1 change detected
2026-06-16 17:36:02,319 - watchfiles.main - 1 change detected
2026-06-16 17:36:02,736 - watchfiles.main - 1 change detected
2026-06-16 17:36:03,154 - watchfiles.main - 1 change detected
2026-06-16 17:36:03,557 - watchfiles.main - 1 change detected
2026-06-16 17:36:03,966 - watchfiles.main - 1 change detected
2026-06-16 17:36:04,374 - watchfiles.main - 1 change detected
2026-06-16 17:36:04,791 - watchfiles.main - 1 change detected
2026-06-16 17:36:05,207 - watchfiles.main - 1 change detected
2026-06-16 17:36:05,618 - watchfiles.main - 1 change detected
2026-06-16 17:36:06,035 - watchfiles.main - 1 change detected
2026-06-16 17:36:06,444 - watchfiles.main - 1 change detected
2026-06-16 17:36:06,861 - watchfiles.main - 1 change detected
2026-06-16 17:36:07,273 - watchfiles.main - 1 change detected
2026-06-16 17:36:07,680 - watchfiles.main - 1 change detected
2026-06-16 17:36:08,088 - watchfiles.main - 1 change detected
2026-06-16 17:36:08,505 - watchfiles.main - 1 change detected
2026-06-16 17:36:08,907 - watchfiles.main - 1 change detected
2026-06-16 17:36:09,322 - watchfiles.main - 1 change detected
2026-06-16 17:36:09,735 - watchfiles.main - 1 change detected
2026-06-16 17:36:10,152 - watchfiles.main - 1 change detected
2026-06-16 17:36:10,554 - watchfiles.main - 1 change detected
2026-06-16 17:36:10,956 - watchfiles.main - 1 change detected
2026-06-16 17:36:11,365 - watchfiles.main - 1 change detected
2026-06-16 17:36:11,782 - watchfiles.main - 1 change detected
2026-06-16 17:36:12,199 - watchfiles.main - 1 change detected
2026-06-16 17:36:12,601 - watchfiles.main - 1 change detected
2026-06-16 17:36:13,010 - watchfiles.main - 1 change detected
2026-06-16 17:36:13,418 - watchfiles.main - 1 change detected
2026-06-16 17:36:13,835 - watchfiles.main - 1 change detected
2026-06-16 17:36:14,199 - watchfiles.main - 1 change detected
2026-06-16 17:36:14,610 - watchfiles.main - 1 change detected
2026-06-16 17:36:15,018 - watchfiles.main - 1 change detected
2026-06-16 17:36:15,477 - watchfiles.main - 1 change detected
2026-06-16 17:36:15,879 - watchfiles.main - 1 change detected
2026-06-16 17:36:16,287 - watchfiles.main - 1 change detected
2026-06-16 17:36:16,696 - watchfiles.main - 1 change detected
2026-06-16 17:36:17,103 - watchfiles.main - 1 change detected
2026-06-16 17:36:17,521 - watchfiles.main - 1 change detected
2026-06-16 17:36:17,938 - watchfiles.main - 1 change detected
2026-06-16 17:36:18,346 - watchfiles.main - 1 change detected
2026-06-16 17:36:18,750 - watchfiles.main - 1 change detected
2026-06-16 17:36:19,167 - watchfiles.main - 1 change detected
2026-06-16 17:36:19,584 - watchfiles.main - 1 change detected
2026-06-16 17:36:19,987 - watchfiles.main - 1 change detected
2026-06-16 17:36:20,395 - watchfiles.main - 1 change detected
2026-06-16 17:36:20,803 - watchfiles.main - 1 change detected
2026-06-16 17:36:21,205 - watchfiles.main - 1 change detected
2026-06-16 17:36:21,607 - watchfiles.main - 1 change detected
2026-06-16 17:36:22,011 - watchfiles.main - 1 change detected
2026-06-16 17:36:22,418 - watchfiles.main - 1 change detected
2026-06-16 17:36:22,834 - watchfiles.main - 1 change detected
2026-06-16 17:36:23,245 - watchfiles.main - 1 change detected
2026-06-16 17:36:23,656 - watchfiles.main - 1 change detected
2026-06-16 17:36:24,063 - watchfiles.main - 1 change detected
2026-06-16 17:36:24,475 - watchfiles.main - 1 change detected
2026-06-16 17:36:24,892 - watchfiles.main - 1 change detected
2026-06-16 17:36:25,295 - watchfiles.main - 1 change detected
2026-06-16 17:36:25,709 - watchfiles.main - 1 change detected
2026-06-16 17:36:26,118 - watchfiles.main - 1 change detected
2026-06-16 17:36:26,536 - watchfiles.main - 1 change detected
2026-06-16 17:36:26,953 - watchfiles.main - 1 change detected
2026-06-16 17:36:27,368 - watchfiles.main - 1 change detected
2026-06-16 17:36:27,779 - watchfiles.main - 1 change detected
2026-06-16 17:36:28,195 - watchfiles.main - 1 change detected
2026-06-16 17:36:28,562 - watchfiles.main - 1 change detected
2026-06-16 17:36:29,020 - watchfiles.main - 1 change detected
2026-06-16 17:36:29,375 - watchfiles.main - 1 change detected
2026-06-16 17:36:29,792 - watchfiles.main - 1 change detected
2026-06-16 17:36:30,208 - watchfiles.main - 1 change detected
2026-06-16 17:36:30,617 - watchfiles.main - 1 change detected
2026-06-16 17:36:31,024 - watchfiles.main - 1 change detected
2026-06-16 17:36:31,432 - watchfiles.main - 1 change detected
2026-06-16 17:36:31,849 - watchfiles.main - 1 change detected
2026-06-16 17:36:32,261 - watchfiles.main - 1 change detected
2026-06-16 17:36:32,669 - watchfiles.main - 1 change detected
2026-06-16 17:36:33,077 - watchfiles.main - 1 change detected
2026-06-16 17:36:33,485 - watchfiles.main - 1 change detected
2026-06-16 17:36:33,902 - watchfiles.main - 1 change detected
2026-06-16 17:36:34,314 - watchfiles.main - 1 change detected
2026-06-16 17:36:34,724 - watchfiles.main - 1 change detected
2026-06-16 17:36:35,131 - watchfiles.main - 1 change detected
2026-06-16 17:36:35,497 - watchfiles.main - 1 change detected
2026-06-16 17:36:35,914 - watchfiles.main - 1 change detected
2026-06-16 17:36:36,331 - watchfiles.main - 1 change detected
2026-06-16 17:36:36,746 - watchfiles.main - 1 change detected
2026-06-16 17:36:37,263 - watchfiles.main - 1 change detected
2026-06-16 17:36:37,680 - watchfiles.main - 1 change detected
2026-06-16 17:36:38,047 - watchfiles.main - 1 change detected
2026-06-16 17:36:38,455 - watchfiles.main - 1 change detected
2026-06-16 17:36:38,862 - watchfiles.main - 1 change detected
2026-06-16 17:36:39,271 - watchfiles.main - 1 change detected
2026-06-16 17:36:39,687 - watchfiles.main - 1 change detected
2026-06-16 17:36:40,101 - watchfiles.main - 1 change detected
2026-06-16 17:36:40,508 - watchfiles.main - 1 change detected
2026-06-16 17:36:40,910 - watchfiles.main - 1 change detected
2026-06-16 17:36:41,315 - watchfiles.main - 1 change detected
2026-06-16 17:36:41,717 - watchfiles.main - 1 change detected
2026-06-16 17:36:42,123 - watchfiles.main - 1 change detected
2026-06-16 17:36:42,531 - watchfiles.main - 1 change detected
2026-06-16 17:36:42,948 - watchfiles.main - 1 change detected
2026-06-16 17:36:43,364 - watchfiles.main - 1 change detected
2026-06-16 17:36:43,769 - watchfiles.main - 1 change detected
2026-06-16 17:36:44,177 - watchfiles.main - 1 change detected
2026-06-16 17:36:44,594 - watchfiles.main - 1 change detected
2026-06-16 17:36:44,960 - watchfiles.main - 1 change detected
2026-06-16 17:36:45,371 - watchfiles.main - 1 change detected
2026-06-16 17:36:45,775 - watchfiles.main - 1 change detected
2026-06-16 17:36:46,228 - watchfiles.main - 1 change detected
2026-06-16 17:36:46,629 - watchfiles.main - 1 change detected
2026-06-16 17:36:47,031 - watchfiles.main - 1 change detected
2026-06-16 17:36:47,437 - watchfiles.main - 1 change detected
2026-06-16 17:36:47,846 - watchfiles.main - 1 change detected
2026-06-16 17:36:48,223 - watchfiles.main - 1 change detected
2026-06-16 17:36:48,640 - watchfiles.main - 1 change detected
2026-06-16 17:36:49,053 - watchfiles.main - 1 change detected
2026-06-16 17:36:49,461 - watchfiles.main - 1 change detected
2026-06-16 17:36:49,878 - watchfiles.main - 1 change detected
2026-06-16 17:36:50,280 - watchfiles.main - 1 change detected
2026-06-16 17:36:50,683 - watchfiles.main - 1 change detected
2026-06-16 17:36:51,091 - watchfiles.main - 1 change detected
2026-06-16 17:36:51,499 - watchfiles.main - 1 change detected
2026-06-16 17:36:51,915 - watchfiles.main - 1 change detected
2026-06-16 17:36:52,328 - watchfiles.main - 1 change detected
2026-06-16 17:36:52,736 - watchfiles.main - 1 change detected
2026-06-16 17:36:53,145 - watchfiles.main - 1 change detected
2026-06-16 17:36:53,546 - watchfiles.main - 1 change detected
2026-06-16 17:36:53,963 - watchfiles.main - 1 change detected
2026-06-16 17:36:54,376 - watchfiles.main - 1 change detected
2026-06-16 17:36:54,791 - watchfiles.main - 1 change detected
2026-06-16 17:36:55,207 - watchfiles.main - 1 change detected
2026-06-16 17:36:55,624 - watchfiles.main - 1 change detected
2026-06-16 17:36:56,028 - watchfiles.main - 1 change detected
2026-06-16 17:36:56,436 - watchfiles.main - 1 change detected
2026-06-16 17:36:56,844 - watchfiles.main - 1 change detected
2026-06-16 17:36:57,219 - watchfiles.main - 1 change detected
2026-06-16 17:36:57,628 - watchfiles.main - 1 change detected
2026-06-16 17:36:58,035 - watchfiles.main - 1 change detected
2026-06-16 17:36:58,443 - watchfiles.main - 1 change detected
2026-06-16 17:36:58,844 - watchfiles.main - 1 change detected
2026-06-16 17:36:59,246 - watchfiles.main - 1 change detected
2026-06-16 17:36:59,651 - watchfiles.main - 1 change detected
2026-06-16 17:37:00,058 - watchfiles.main - 1 change detected
2026-06-16 17:37:00,470 - watchfiles.main - 1 change detected
2026-06-16 17:37:00,887 - watchfiles.main - 1 change detected
2026-06-16 17:37:01,299 - watchfiles.main - 1 change detected
2026-06-16 17:37:01,704 - watchfiles.main - 1 change detected
2026-06-16 17:37:02,121 - watchfiles.main - 1 change detected
2026-06-16 17:37:02,527 - watchfiles.main - 1 change detected
2026-06-16 17:37:02,941 - watchfiles.main - 1 change detected
2026-06-16 17:37:03,306 - watchfiles.main - 1 change detected
2026-06-16 17:37:03,723 - watchfiles.main - 1 change detected
2026-06-16 17:37:04,139 - watchfiles.main - 1 change detected
2026-06-16 17:37:04,556 - watchfiles.main - 1 change detected
2026-06-16 17:37:04,964 - watchfiles.main - 1 change detected
2026-06-16 17:37:05,372 - watchfiles.main - 1 change detected
2026-06-16 17:37:05,788 - watchfiles.main - 1 change detected
2026-06-16 17:37:06,155 - watchfiles.main - 1 change detected
2026-06-16 17:37:06,563 - watchfiles.main - 1 change detected
2026-06-16 17:37:06,971 - watchfiles.main - 1 change detected
2026-06-16 17:37:07,382 - watchfiles.main - 1 change detected
2026-06-16 17:37:07,799 - watchfiles.main - 1 change detected
2026-06-16 17:37:08,210 - watchfiles.main - 1 change detected
2026-06-16 17:37:08,617 - watchfiles.main - 1 change detected
2026-06-16 17:37:09,025 - watchfiles.main - 1 change detected
2026-06-16 17:37:09,429 - watchfiles.main - 1 change detected
2026-06-16 17:37:09,846 - watchfiles.main - 1 change detected
2026-06-16 17:37:10,247 - watchfiles.main - 1 change detected
2026-06-16 17:37:10,656 - watchfiles.main - 1 change detected
2026-06-16 17:37:11,073 - watchfiles.main - 1 change detected
2026-06-16 17:37:11,483 - watchfiles.main - 1 change detected
2026-06-16 17:37:11,893 - watchfiles.main - 1 change detected
2026-06-16 17:37:12,306 - watchfiles.main - 1 change detected
2026-06-16 17:37:12,673 - watchfiles.main - 1 change detected
2026-06-16 17:37:13,090 - watchfiles.main - 1 change detected
2026-06-16 17:37:13,499 - watchfiles.main - 1 change detected
2026-06-16 17:37:13,901 - watchfiles.main - 1 change detected
2026-06-16 17:37:14,312 - watchfiles.main - 1 change detected
2026-06-16 17:37:14,728 - watchfiles.main - 1 change detected
2026-06-16 17:37:15,145 - watchfiles.main - 1 change detected
2026-06-16 17:37:15,562 - watchfiles.main - 1 change detected
2026-06-16 17:37:15,970 - watchfiles.main - 1 change detected
2026-06-16 17:37:16,376 - watchfiles.main - 1 change detected
2026-06-16 17:37:16,742 - watchfiles.main - 1 change detected
2026-06-16 17:37:17,147 - watchfiles.main - 1 change detected
2026-06-16 17:37:17,553 - watchfiles.main - 1 change detected
2026-06-16 17:37:17,970 - watchfiles.main - 1 change detected
2026-06-16 17:37:18,378 - watchfiles.main - 1 change detected
2026-06-16 17:37:18,791 - watchfiles.main - 1 change detected
2026-06-16 17:37:19,199 - watchfiles.main - 1 change detected
2026-06-16 17:37:19,615 - watchfiles.main - 1 change detected
2026-06-16 17:37:20,031 - watchfiles.main - 1 change detected
2026-06-16 17:37:20,436 - watchfiles.main - 1 change detected
2026-06-16 17:37:20,845 - watchfiles.main - 1 change detected
2026-06-16 17:37:21,265 - watchfiles.main - 1 change detected
2026-06-16 17:37:21,631 - watchfiles.main - 1 change detected
2026-06-16 17:37:22,048 - watchfiles.main - 1 change detected
2026-06-16 17:37:22,460 - watchfiles.main - 1 change detected
2026-06-16 17:37:22,867 - watchfiles.main - 1 change detected
2026-06-16 17:37:23,287 - watchfiles.main - 1 change detected
2026-06-16 17:37:23,704 - watchfiles.main - 1 change detected
2026-06-16 17:37:24,106 - watchfiles.main - 1 change detected
2026-06-16 17:37:24,514 - watchfiles.main - 1 change detected
2026-06-16 17:37:24,921 - watchfiles.main - 1 change detected
2026-06-16 17:37:25,329 - watchfiles.main - 1 change detected
2026-06-16 17:37:25,746 - watchfiles.main - 1 change detected
2026-06-16 17:37:26,159 - watchfiles.main - 1 change detected
2026-06-16 17:37:26,568 - watchfiles.main - 1 change detected
2026-06-16 17:37:26,985 - watchfiles.main - 1 change detected
2026-06-16 17:37:27,344 - watchfiles.main - 1 change detected
2026-06-16 17:37:27,759 - watchfiles.main - 1 change detected
2026-06-16 17:37:28,166 - watchfiles.main - 1 change detected
2026-06-16 17:37:28,583 - watchfiles.main - 1 change detected
2026-06-16 17:37:29,000 - watchfiles.main - 1 change detected
2026-06-16 17:37:29,412 - watchfiles.main - 1 change detected
2026-06-16 17:37:29,828 - watchfiles.main - 1 change detected
2026-06-16 17:37:30,235 - watchfiles.main - 1 change detected
2026-06-16 17:37:30,652 - watchfiles.main - 1 change detected
2026-06-16 17:37:31,069 - watchfiles.main - 1 change detected
2026-06-16 17:37:31,474 - watchfiles.main - 1 change detected
2026-06-16 17:37:31,882 - watchfiles.main - 1 change detected
2026-06-16 17:37:32,253 - watchfiles.main - 1 change detected
2026-06-16 17:37:32,670 - watchfiles.main - 1 change detected
2026-06-16 17:37:33,073 - watchfiles.main - 1 change detected
2026-06-16 17:37:33,480 - watchfiles.main - 1 change detected
2026-06-16 17:37:33,897 - watchfiles.main - 1 change detected
2026-06-16 17:37:34,311 - watchfiles.main - 1 change detected
2026-06-16 17:37:34,719 - watchfiles.main - 1 change detected
2026-06-16 17:37:35,127 - watchfiles.main - 1 change detected
2026-06-16 17:37:35,535 - watchfiles.main - 1 change detected
2026-06-16 17:37:35,952 - watchfiles.main - 1 change detected
2026-06-16 17:37:36,354 - watchfiles.main - 1 change detected
2026-06-16 17:37:36,759 - watchfiles.main - 1 change detected
2026-06-16 17:37:37,165 - watchfiles.main - 1 change detected
2026-06-16 17:37:37,582 - watchfiles.main - 1 change detected
2026-06-16 17:37:37,948 - watchfiles.main - 1 change detected
2026-06-16 17:37:38,355 - watchfiles.main - 1 change detected
2026-06-16 17:37:38,764 - watchfiles.main - 1 change detected
2026-06-16 17:37:39,180 - watchfiles.main - 1 change detected
2026-06-16 17:37:39,597 - watchfiles.main - 1 change detected
2026-06-16 17:37:40,002 - watchfiles.main - 1 change detected
2026-06-16 17:37:40,410 - watchfiles.main - 1 change detected
2026-06-16 17:37:40,826 - watchfiles.main - 1 change detected
2026-06-16 17:37:41,243 - watchfiles.main - 1 change detected
2026-06-16 17:37:41,674 - watchfiles.main - 1 change detected
2026-06-16 17:37:42,039 - watchfiles.main - 1 change detected
2026-06-16 17:37:42,450 - watchfiles.main - 1 change detected
2026-06-16 17:37:42,914 - watchfiles.main - 1 change detected
2026-06-16 17:37:43,319 - watchfiles.main - 1 change detected
2026-06-16 17:37:43,685 - watchfiles.main - 1 change detected
2026-06-16 17:37:44,099 - watchfiles.main - 1 change detected
2026-06-16 17:37:44,501 - watchfiles.main - 1 change detected
2026-06-16 17:37:44,911 - watchfiles.main - 1 change detected
2026-06-16 17:37:45,327 - watchfiles.main - 1 change detected
2026-06-16 17:37:45,735 - watchfiles.main - 1 change detected
2026-06-16 17:37:46,094 - watchfiles.main - 1 change detected
2026-06-16 17:37:46,499 - watchfiles.main - 1 change detected
2026-06-16 17:37:46,915 - watchfiles.main - 1 change detected
2026-06-16 17:37:47,268 - watchfiles.main - 1 change detected
2026-06-16 17:37:47,723 - watchfiles.main - 1 change detected
2026-06-16 17:37:48,133 - watchfiles.main - 1 change detected
2026-06-16 17:37:48,548 - watchfiles.main - 1 change detected
2026-06-16 17:37:48,955 - watchfiles.main - 1 change detected
2026-06-16 17:37:49,361 - watchfiles.main - 1 change detected
2026-06-16 17:37:49,770 - watchfiles.main - 1 change detected
2026-06-16 17:37:50,181 - watchfiles.main - 1 change detected
2026-06-16 17:37:50,587 - watchfiles.main - 1 change detected
2026-06-16 17:37:50,995 - watchfiles.main - 1 change detected
2026-06-16 17:37:51,398 - watchfiles.main - 1 change detected
2026-06-16 17:37:51,763 - watchfiles.main - 1 change detected
2026-06-16 17:37:52,169 - watchfiles.main - 1 change detected
2026-06-16 17:37:52,630 - watchfiles.main - 1 change detected
2026-06-16 17:37:52,990 - watchfiles.main - 1 change detected
2026-06-16 17:37:53,399 - watchfiles.main - 1 change detected
2026-06-16 17:37:53,813 - watchfiles.main - 1 change detected
2026-06-16 17:37:54,228 - watchfiles.main - 1 change detected
2026-06-16 17:37:54,586 - watchfiles.main - 1 change detected
2026-06-16 17:37:55,003 - watchfiles.main - 1 change detected
2026-06-16 17:37:55,414 - watchfiles.main - 1 change detected
2026-06-16 17:37:55,776 - watchfiles.main - 1 change detected
2026-06-16 17:37:56,185 - watchfiles.main - 1 change detected
2026-06-16 17:37:56,588 - watchfiles.main - 1 change detected
2026-06-16 17:37:56,993 - watchfiles.main - 1 change detected
2026-06-16 17:37:57,400 - watchfiles.main - 1 change detected
2026-06-16 17:37:57,811 - watchfiles.main - 1 change detected
2026-06-16 17:37:58,214 - watchfiles.main - 1 change detected
2026-06-16 17:37:58,581 - watchfiles.main - 1 change detected
2026-06-16 17:37:58,998 - watchfiles.main - 1 change detected
2026-06-16 17:37:59,402 - watchfiles.main - 1 change detected
2026-06-16 17:37:59,819 - watchfiles.main - 1 change detected
2026-06-16 17:38:00,236 - watchfiles.main - 1 change detected
2026-06-16 17:38:00,602 - watchfiles.main - 1 change detected
2026-06-16 17:38:01,019 - watchfiles.main - 1 change detected
2026-06-16 17:38:01,434 - watchfiles.main - 1 change detected
2026-06-16 17:38:01,851 - watchfiles.main - 1 change detected
2026-06-16 17:38:02,267 - watchfiles.main - 1 change detected
2026-06-16 17:38:02,634 - watchfiles.main - 1 change detected
2026-06-16 17:38:03,050 - watchfiles.main - 1 change detected
2026-06-16 17:38:03,467 - watchfiles.main - 1 change detected
2026-06-16 17:38:03,883 - watchfiles.main - 1 change detected
2026-06-16 17:38:04,300 - watchfiles.main - 1 change detected
2026-06-16 17:38:04,717 - watchfiles.main - 1 change detected
2026-06-16 17:38:05,133 - watchfiles.main - 1 change detected
2026-06-16 17:38:05,546 - watchfiles.main - 1 change detected
2026-06-16 17:38:05,963 - watchfiles.main - 1 change detected
2026-06-16 17:38:06,364 - watchfiles.main - 1 change detected
2026-06-16 17:38:06,782 - watchfiles.main - 1 change detected
2026-06-16 17:38:07,195 - watchfiles.main - 1 change detected
2026-06-16 17:38:07,611 - watchfiles.main - 1 change detected
2026-06-16 17:38:08,016 - watchfiles.main - 1 change detected
2026-06-16 17:38:08,376 - watchfiles.main - 1 change detected
2026-06-16 17:38:08,835 - watchfiles.main - 1 change detected
2026-06-16 17:38:09,311 - watchfiles.main - 1 change detected
2026-06-16 17:38:09,731 - watchfiles.main - 1 change detected
2026-06-16 17:38:10,148 - watchfiles.main - 1 change detected
2026-06-16 17:38:10,530 - watchfiles.main - 1 change detected
2026-06-16 17:38:10,972 - watchfiles.main - 1 change detected
2026-06-16 17:38:11,347 - watchfiles.main - 1 change detected
2026-06-16 17:38:11,838 - watchfiles.main - 1 change detected
2026-06-16 17:38:12,242 - watchfiles.main - 1 change detected
2026-06-16 17:38:12,595 - watchfiles.main - 1 change detected
2026-06-16 17:38:13,006 - watchfiles.main - 1 change detected
2026-06-16 17:38:13,424 - watchfiles.main - 1 change detected
2026-06-16 17:38:13,827 - watchfiles.main - 1 change detected
2026-06-16 17:38:14,242 - watchfiles.main - 1 change detected
2026-06-16 17:38:14,653 - watchfiles.main - 1 change detected
2026-06-16 17:38:15,068 - watchfiles.main - 1 change detected
2026-06-16 17:38:15,471 - watchfiles.main - 1 change detected
2026-06-16 17:38:15,865 - watchfiles.main - 1 change detected
2026-06-16 17:38:16,277 - watchfiles.main - 1 change detected
2026-06-16 17:38:16,693 - watchfiles.main - 1 change detected
2026-06-16 17:38:17,108 - watchfiles.main - 1 change detected
2026-06-16 17:38:17,510 - watchfiles.main - 1 change detected
2026-06-16 17:38:17,913 - watchfiles.main - 1 change detected
2026-06-16 17:38:18,322 - watchfiles.main - 1 change detected
2026-06-16 17:38:18,730 - watchfiles.main - 1 change detected
2026-06-16 17:38:19,135 - watchfiles.main - 1 change detected
2026-06-16 17:38:19,497 - watchfiles.main - 1 change detected
2026-06-16 17:38:19,910 - watchfiles.main - 1 change detected
2026-06-16 17:38:20,315 - watchfiles.main - 1 change detected
2026-06-16 17:38:20,718 - watchfiles.main - 1 change detected
2026-06-16 17:38:21,179 - watchfiles.main - 1 change detected
2026-06-16 17:38:21,585 - watchfiles.main - 1 change detected
2026-06-16 17:38:22,002 - watchfiles.main - 1 change detected
2026-06-16 17:38:22,408 - watchfiles.main - 1 change detected
2026-06-16 17:38:22,812 - watchfiles.main - 1 change detected
2026-06-16 17:38:23,216 - watchfiles.main - 1 change detected
2026-06-16 17:38:23,623 - watchfiles.main - 1 change detected
2026-06-16 17:38:24,030 - watchfiles.main - 1 change detected
2026-06-16 17:38:24,436 - watchfiles.main - 1 change detected
2026-06-16 17:38:24,842 - watchfiles.main - 1 change detected
2026-06-16 17:38:25,254 - watchfiles.main - 1 change detected
2026-06-16 17:38:25,659 - watchfiles.main - 1 change detected
2026-06-16 17:38:26,073 - watchfiles.main - 1 change detected
2026-06-16 17:38:26,490 - watchfiles.main - 1 change detected
2026-06-16 17:38:26,850 - watchfiles.main - 1 change detected
2026-06-16 17:38:27,306 - watchfiles.main - 1 change detected
2026-06-16 17:38:27,658 - watchfiles.main - 1 change detected
2026-06-16 17:38:28,072 - watchfiles.main - 1 change detected
2026-06-16 17:38:28,485 - watchfiles.main - 1 change detected
2026-06-16 17:38:29,803 - watchfiles.main - 1 change detected
2026-06-16 17:38:30,157 - watchfiles.main - 1 change detected
2026-06-16 17:38:30,572 - watchfiles.main - 1 change detected
2026-06-16 17:38:30,990 - watchfiles.main - 1 change detected
2026-06-16 17:38:31,354 - watchfiles.main - 1 change detected
2026-06-16 17:38:31,769 - watchfiles.main - 1 change detected
2026-06-16 17:38:32,182 - watchfiles.main - 1 change detected
2026-06-16 17:38:32,597 - watchfiles.main - 1 change detected
2026-06-16 17:38:33,005 - watchfiles.main - 1 change detected
2026-06-16 17:38:33,463 - watchfiles.main - 1 change detected
2026-06-16 17:38:33,876 - watchfiles.main - 1 change detected
2026-06-16 17:38:34,347 - watchfiles.main - 1 change detected
2026-06-16 17:38:34,707 - watchfiles.main - 1 change detected
2026-06-16 17:38:35,124 - watchfiles.main - 1 change detected
2026-06-16 17:38:35,535 - watchfiles.main - 1 change detected
2026-06-16 17:38:35,941 - watchfiles.main - 1 change detected
2026-06-16 17:38:36,307 - watchfiles.main - 1 change detected
2026-06-16 17:38:36,710 - watchfiles.main - 1 change detected
2026-06-16 17:38:37,119 - watchfiles.main - 1 change detected
2026-06-16 17:38:37,523 - watchfiles.main - 1 change detected
2026-06-16 17:38:37,927 - watchfiles.main - 1 change detected
2026-06-16 17:38:38,329 - watchfiles.main - 1 change detected
2026-06-16 17:38:38,732 - watchfiles.main - 1 change detected
2026-06-16 17:38:39,106 - watchfiles.main - 1 change detected
2026-06-16 17:38:39,510 - watchfiles.main - 1 change detected
2026-06-16 17:38:39,913 - watchfiles.main - 1 change detected
2026-06-16 17:38:40,314 - watchfiles.main - 1 change detected
2026-06-16 17:38:40,720 - watchfiles.main - 1 change detected
2026-06-16 17:38:41,176 - watchfiles.main - 1 change detected
2026-06-16 17:38:41,534 - watchfiles.main - 1 change detected
2026-06-16 17:38:41,949 - watchfiles.main - 1 change detected
2026-06-16 17:38:42,356 - watchfiles.main - 1 change detected
2026-06-16 17:38:42,788 - watchfiles.main - 1 change detected
2026-06-16 17:38:43,190 - watchfiles.main - 1 change detected
2026-06-16 17:38:43,638 - watchfiles.main - 1 change detected
2026-06-16 17:38:43,991 - watchfiles.main - 1 change detected
2026-06-16 17:38:44,453 - watchfiles.main - 1 change detected
2026-06-16 17:38:44,804 - watchfiles.main - 1 change detected
2026-06-16 17:38:45,220 - watchfiles.main - 1 change detected
2026-06-16 17:38:45,634 - watchfiles.main - 1 change detected
2026-06-16 17:38:46,051 - watchfiles.main - 1 change detected
2026-06-16 17:38:46,421 - watchfiles.main - 1 change detected
2026-06-16 17:38:46,842 - watchfiles.main - 1 change detected
2026-06-16 17:38:47,285 - watchfiles.main - 1 change detected
2026-06-16 17:38:47,832 - watchfiles.main - 1 change detected
2026-06-16 17:38:48,294 - watchfiles.main - 1 change detected
2026-06-16 17:38:48,702 - watchfiles.main - 1 change detected
2026-06-16 17:38:49,107 - watchfiles.main - 1 change detected
2026-06-16 17:38:49,508 - watchfiles.main - 1 change detected
2026-06-16 17:38:49,919 - watchfiles.main - 1 change detected
2026-06-16 17:38:50,322 - watchfiles.main - 1 change detected
2026-06-16 17:38:50,744 - watchfiles.main - 1 change detected
2026-06-16 17:38:51,151 - watchfiles.main - 1 change detected
2026-06-16 17:38:51,556 - watchfiles.main - 1 change detected
2026-06-16 17:38:51,920 - watchfiles.main - 1 change detected
2026-06-16 17:38:52,330 - watchfiles.main - 1 change detected
2026-06-16 17:38:52,734 - watchfiles.main - 1 change detected
2026-06-16 17:38:53,149 - watchfiles.main - 1 change detected
2026-06-16 17:38:53,560 - watchfiles.main - 1 change detected
2026-06-16 17:38:53,976 - watchfiles.main - 1 change detected
2026-06-16 17:38:54,387 - watchfiles.main - 1 change detected
2026-06-16 17:38:54,791 - watchfiles.main - 1 change detected
2026-06-16 17:38:55,156 - watchfiles.main - 1 change detected
2026-06-16 17:38:55,588 - watchfiles.main - 1 change detected
2026-06-16 17:38:55,997 - watchfiles.main - 1 change detected
2026-06-16 17:38:56,401 - watchfiles.main - 1 change detected
2026-06-16 17:38:56,765 - watchfiles.main - 1 change detected
2026-06-16 17:38:57,186 - watchfiles.main - 1 change detected
2026-06-16 17:38:57,590 - watchfiles.main - 1 change detected
2026-06-16 17:38:57,999 - watchfiles.main - 1 change detected
2026-06-16 17:38:58,411 - watchfiles.main - 1 change detected
2026-06-16 17:38:58,817 - watchfiles.main - 1 change detected
2026-06-16 17:38:59,232 - watchfiles.main - 1 change detected
2026-06-16 17:38:59,642 - watchfiles.main - 1 change detected
2026-06-16 17:39:00,047 - watchfiles.main - 1 change detected
2026-06-16 17:39:00,453 - watchfiles.main - 1 change detected
2026-06-16 17:39:00,861 - watchfiles.main - 1 change detected
2026-06-16 17:39:01,272 - watchfiles.main - 1 change detected
2026-06-16 17:39:01,680 - watchfiles.main - 1 change detected
2026-06-16 17:39:02,097 - watchfiles.main - 1 change detected
2026-06-16 17:39:02,499 - watchfiles.main - 1 change detected
2026-06-16 17:39:02,866 - watchfiles.main - 1 change detected
2026-06-16 17:39:03,278 - watchfiles.main - 1 change detected
2026-06-16 17:39:03,732 - watchfiles.main - 1 change detected
2026-06-16 17:39:04,142 - watchfiles.main - 1 change detected
2026-06-16 17:39:04,548 - watchfiles.main - 1 change detected
2026-06-16 17:39:04,957 - watchfiles.main - 1 change detected
2026-06-16 17:39:05,365 - watchfiles.main - 1 change detected
2026-06-16 17:39:05,777 - watchfiles.main - 1 change detected
2026-06-16 17:39:06,189 - watchfiles.main - 1 change detected
2026-06-16 17:39:06,556 - watchfiles.main - 1 change detected
2026-06-16 17:39:07,014 - watchfiles.main - 1 change detected
2026-06-16 17:39:07,418 - watchfiles.main - 1 change detected
2026-06-16 17:39:07,827 - watchfiles.main - 1 change detected
2026-06-16 17:39:08,237 - watchfiles.main - 1 change detected
2026-06-16 17:39:08,646 - watchfiles.main - 1 change detected
2026-06-16 17:39:09,000 - watchfiles.main - 1 change detected
2026-06-16 17:39:09,402 - watchfiles.main - 1 change detected
2026-06-16 17:39:09,810 - watchfiles.main - 1 change detected
2026-06-16 17:39:10,266 - watchfiles.main - 1 change detected
2026-06-16 17:39:10,680 - watchfiles.main - 1 change detected
2026-06-16 17:39:11,094 - watchfiles.main - 1 change detected
2026-06-16 17:39:11,512 - watchfiles.main - 1 change detected
2026-06-16 17:39:11,917 - watchfiles.main - 1 change detected
2026-06-16 17:39:12,326 - watchfiles.main - 1 change detected
2026-06-16 17:39:12,780 - watchfiles.main - 1 change detected
2026-06-16 17:39:13,136 - watchfiles.main - 1 change detected
2026-06-16 17:39:13,542 - watchfiles.main - 1 change detected
2026-06-16 17:39:13,955 - watchfiles.main - 1 change detected
2026-06-16 17:39:14,361 - watchfiles.main - 1 change detected
2026-06-16 17:39:14,777 - watchfiles.main - 1 change detected
2026-06-16 17:39:15,188 - watchfiles.main - 1 change detected
2026-06-16 17:39:15,605 - watchfiles.main - 1 change detected
2026-06-16 17:39:16,009 - watchfiles.main - 1 change detected
2026-06-16 17:39:16,426 - watchfiles.main - 1 change detected
2026-06-16 17:39:16,842 - watchfiles.main - 1 change detected
2026-06-16 17:39:17,250 - watchfiles.main - 1 change detected
2026-06-16 17:39:17,655 - watchfiles.main - 1 change detected
2026-06-16 17:39:18,062 - watchfiles.main - 1 change detected
2026-06-16 17:39:18,465 - watchfiles.main - 1 change detected
2026-06-16 17:39:18,868 - watchfiles.main - 1 change detected
2026-06-16 17:39:19,272 - watchfiles.main - 1 change detected
2026-06-16 17:39:19,675 - watchfiles.main - 1 change detected
2026-06-16 17:39:20,078 - watchfiles.main - 1 change detected
2026-06-16 17:39:20,481 - watchfiles.main - 1 change detected
2026-06-16 17:39:20,884 - watchfiles.main - 1 change detected
2026-06-16 17:39:21,341 - watchfiles.main - 1 change detected
2026-06-16 17:39:21,745 - watchfiles.main - 1 change detected
2026-06-16 17:39:22,153 - watchfiles.main - 1 change detected
2026-06-16 17:39:22,561 - watchfiles.main - 1 change detected
2026-06-16 17:39:22,969 - watchfiles.main - 1 change detected
2026-06-16 17:39:23,377 - watchfiles.main - 1 change detected
2026-06-16 17:39:23,794 - watchfiles.main - 1 change detected
2026-06-16 17:39:24,201 - watchfiles.main - 1 change detected
2026-06-16 17:39:24,623 - watchfiles.main - 1 change detected
2026-06-16 17:39:25,028 - watchfiles.main - 1 change detected
2026-06-16 17:39:25,431 - watchfiles.main - 1 change detected
2026-06-16 17:39:25,844 - watchfiles.main - 1 change detected
2026-06-16 17:39:26,249 - watchfiles.main - 1 change detected
2026-06-16 17:39:26,658 - watchfiles.main - 1 change detected
2026-06-16 17:39:27,061 - watchfiles.main - 1 change detected
2026-06-16 17:39:27,463 - watchfiles.main - 1 change detected
2026-06-16 17:39:27,866 - watchfiles.main - 1 change detected
2026-06-16 17:39:28,269 - watchfiles.main - 1 change detected
2026-06-16 17:39:28,676 - watchfiles.main - 1 change detected
2026-06-16 17:39:29,090 - watchfiles.main - 1 change detected
2026-06-16 17:39:29,494 - watchfiles.main - 1 change detected
2026-06-16 17:39:29,896 - watchfiles.main - 1 change detected
2026-06-16 17:39:30,304 - watchfiles.main - 1 change detected
2026-06-16 17:39:30,762 - watchfiles.main - 1 change detected
2026-06-16 17:39:31,170 - watchfiles.main - 1 change detected
2026-06-16 17:39:31,576 - watchfiles.main - 1 change detected
2026-06-16 17:39:31,984 - watchfiles.main - 1 change detected
2026-06-16 17:39:32,392 - watchfiles.main - 1 change detected
2026-06-16 17:39:32,798 - watchfiles.main - 1 change detected
2026-06-16 17:39:33,216 - watchfiles.main - 1 change detected
2026-06-16 17:39:33,620 - watchfiles.main - 1 change detected
2026-06-16 17:39:34,026 - watchfiles.main - 1 change detected
2026-06-16 17:39:34,428 - watchfiles.main - 1 change detected
2026-06-16 17:39:34,843 - watchfiles.main - 1 change detected
2026-06-16 17:39:35,258 - watchfiles.main - 1 change detected
2026-06-16 17:39:35,610 - watchfiles.main - 1 change detected
2026-06-16 17:39:36,072 - watchfiles.main - 1 change detected
2026-06-16 17:39:36,597 - watchfiles.main - 1 change detected
2026-06-16 17:39:36,999 - watchfiles.main - 1 change detected
2026-06-16 17:39:37,350 - watchfiles.main - 1 change detected
2026-06-16 17:39:37,768 - watchfiles.main - 1 change detected
2026-06-16 17:39:38,182 - watchfiles.main - 1 change detected
2026-06-16 17:39:38,544 - watchfiles.main - 1 change detected
2026-06-16 17:39:38,954 - watchfiles.main - 1 change detected
2026-06-16 17:39:39,407 - watchfiles.main - 1 change detected
2026-06-16 17:39:39,772 - watchfiles.main - 1 change detected
2026-06-16 17:39:40,188 - watchfiles.main - 1 change detected
2026-06-16 17:39:40,605 - watchfiles.main - 1 change detected
2026-06-16 17:39:40,956 - watchfiles.main - 1 change detected
2026-06-16 17:39:41,371 - watchfiles.main - 1 change detected
2026-06-16 17:39:41,787 - watchfiles.main - 1 change detected
2026-06-16 17:39:42,198 - watchfiles.main - 1 change detected
2026-06-16 17:39:42,602 - watchfiles.main - 1 change detected
2026-06-16 17:39:43,007 - watchfiles.main - 1 change detected
2026-06-16 17:39:43,409 - watchfiles.main - 1 change detected
2026-06-16 17:39:43,821 - watchfiles.main - 1 change detected
2026-06-16 17:39:44,226 - watchfiles.main - 1 change detected
2026-06-16 17:39:44,634 - watchfiles.main - 1 change detected
2026-06-16 17:39:45,039 - watchfiles.main - 1 change detected
2026-06-16 17:39:45,442 - watchfiles.main - 1 change detected
2026-06-16 17:39:45,856 - watchfiles.main - 1 change detected
2026-06-16 17:39:46,263 - watchfiles.main - 1 change detected
2026-06-16 17:39:46,722 - watchfiles.main - 1 change detected
2026-06-16 17:39:47,140 - watchfiles.main - 1 change detected
2026-06-16 17:39:47,553 - watchfiles.main - 1 change detected
2026-06-16 17:39:47,956 - watchfiles.main - 1 change detected
2026-06-16 17:39:48,365 - watchfiles.main - 1 change detected
2026-06-16 17:39:48,771 - watchfiles.main - 1 change detected
2026-06-16 17:39:49,179 - watchfiles.main - 1 change detected
2026-06-16 17:39:49,586 - watchfiles.main - 1 change detected
2026-06-16 17:39:49,995 - watchfiles.main - 1 change detected
2026-06-16 17:39:50,403 - watchfiles.main - 1 change detected
2026-06-16 17:39:50,817 - watchfiles.main - 1 change detected
2026-06-16 17:39:51,224 - watchfiles.main - 1 change detected
2026-06-16 17:39:51,631 - watchfiles.main - 1 change detected
2026-06-16 17:39:52,036 - watchfiles.main - 1 change detected
2026-06-16 17:39:52,440 - watchfiles.main - 1 change detected
2026-06-16 17:39:53,852 - watchfiles.main - 1 change detected
2026-06-16 17:42:38,953 - watchfiles.main - 3 changes detected
2026-06-16 17:42:39,369 - easyocr.easyocr - Neither CUDA nor MPS are available - defaulting to CPU. Note: This module is much faster with a GPU.
2026-06-16 17:42:59,631 - easyocr.easyocr - Neither CUDA nor MPS are available - defaulting to CPU. Note: This module is much faster with a GPU.
2026-06-16 17:43:28,880 - watchfiles.main - 1 change detected
2026-06-16 17:43:29,677 - watchfiles.main - 1 change detected
2026-06-16 17:43:30,046 - watchfiles.main - 1 change detected
2026-06-16 17:43:30,398 - watchfiles.main - 1 change detected
2026-06-16 17:43:30,816 - watchfiles.main - 1 change detected
2026-06-16 17:43:31,224 - watchfiles.main - 1 change detected
2026-06-16 17:43:31,637 - watchfiles.main - 1 change detected
2026-06-16 17:43:32,053 - watchfiles.main - 1 change detected
2026-06-16 17:43:32,455 - watchfiles.main - 1 change detected
2026-06-16 17:43:32,871 - watchfiles.main - 1 change detected
2026-06-16 17:43:33,279 - watchfiles.main - 1 change detected
2026-06-16 17:43:33,683 - watchfiles.main - 1 change detected
2026-06-16 17:43:34,091 - watchfiles.main - 1 change detected
2026-06-16 17:43:34,502 - watchfiles.main - 1 change detected
2026-06-16 17:43:34,910 - watchfiles.main - 1 change detected
2026-06-16 17:43:35,313 - watchfiles.main - 1 change detected
2026-06-16 17:43:35,715 - watchfiles.main - 1 change detected
2026-06-16 17:43:36,126 - watchfiles.main - 1 change detected
2026-06-16 17:43:36,540 - watchfiles.main - 1 change detected
2026-06-16 17:43:36,959 - watchfiles.main - 1 change detected
2026-06-16 17:43:37,361 - watchfiles.main - 1 change detected
2026-06-16 17:43:37,763 - watchfiles.main - 1 change detected
2026-06-16 17:43:38,172 - watchfiles.main - 1 change detected
2026-06-16 17:43:38,579 - watchfiles.main - 1 change detected
2026-06-16 17:43:38,991 - watchfiles.main - 1 change detected
2026-06-16 17:43:39,394 - watchfiles.main - 1 change detected
2026-06-16 17:43:39,800 - watchfiles.main - 1 change detected
2026-06-16 17:43:40,209 - watchfiles.main - 1 change detected
2026-06-16 17:43:40,663 - watchfiles.main - 1 change detected
2026-06-16 17:43:41,076 - watchfiles.main - 1 change detected
2026-06-16 17:43:41,480 - watchfiles.main - 1 change detected
2026-06-16 17:43:41,886 - watchfiles.main - 1 change detected
2026-06-16 17:43:42,293 - watchfiles.main - 1 change detected
2026-06-16 17:43:42,695 - watchfiles.main - 1 change detected
2026-06-16 17:43:43,108 - watchfiles.main - 1 change detected
2026-06-16 17:43:43,516 - watchfiles.main - 1 change detected
2026-06-16 17:43:43,924 - watchfiles.main - 1 change detected
2026-06-16 17:43:44,330 - watchfiles.main - 1 change detected
2026-06-16 17:43:44,732 - watchfiles.main - 1 change detected
2026-06-16 17:43:45,148 - watchfiles.main - 1 change detected
2026-06-16 17:43:45,554 - watchfiles.main - 1 change detected
2026-06-16 17:43:45,962 - watchfiles.main - 1 change detected
2026-06-16 17:43:46,365 - watchfiles.main - 1 change detected
2026-06-16 17:43:46,767 - watchfiles.main - 1 change detected
2026-06-16 17:43:47,184 - watchfiles.main - 1 change detected
2026-06-16 17:43:47,591 - watchfiles.main - 1 change detected
2026-06-16 17:43:48,005 - watchfiles.main - 1 change detected
2026-06-16 17:43:48,406 - watchfiles.main - 1 change detected
2026-06-16 17:43:48,815 - watchfiles.main - 1 change detected
2026-06-16 17:43:49,223 - watchfiles.main - 1 change detected
2026-06-16 17:43:49,627 - watchfiles.main - 1 change detected
2026-06-16 17:43:50,040 - watchfiles.main - 1 change detected
2026-06-16 17:43:50,443 - watchfiles.main - 1 change detected
2026-06-16 17:43:50,852 - watchfiles.main - 1 change detected
2026-06-16 17:43:51,261 - watchfiles.main - 1 change detected
2026-06-16 17:43:51,663 - watchfiles.main - 1 change detected
2026-06-16 17:43:52,074 - watchfiles.main - 1 change detected
2026-06-16 17:43:52,484 - watchfiles.main - 1 change detected
2026-06-16 17:43:52,890 - watchfiles.main - 1 change detected
2026-06-16 17:43:53,343 - watchfiles.main - 1 change detected
2026-06-16 17:43:53,746 - watchfiles.main - 1 change detected
2026-06-16 17:43:54,160 - watchfiles.main - 1 change detected
2026-06-16 17:43:54,569 - watchfiles.main - 1 change detected
2026-06-16 17:43:54,974 - watchfiles.main - 1 change detected
2026-06-16 17:43:55,377 - watchfiles.main - 1 change detected
2026-06-16 17:43:55,780 - watchfiles.main - 1 change detected
2026-06-16 17:43:56,185 - watchfiles.main - 1 change detected
2026-06-16 17:43:56,593 - watchfiles.main - 1 change detected
2026-06-16 17:43:57,005 - watchfiles.main - 1 change detected
2026-06-16 17:43:57,421 - watchfiles.main - 1 change detected
2026-06-16 17:43:57,831 - watchfiles.main - 1 change detected
2026-06-16 17:43:58,237 - watchfiles.main - 1 change detected
2026-06-16 17:43:58,641 - watchfiles.main - 1 change detected
2026-06-16 17:43:59,046 - watchfiles.main - 1 change detected
2026-06-16 17:43:59,449 - watchfiles.main - 1 change detected
2026-06-16 17:43:59,851 - watchfiles.main - 1 change detected
2026-06-16 17:44:00,260 - watchfiles.main - 1 change detected
2026-06-16 17:44:00,661 - watchfiles.main - 1 change detected
2026-06-16 17:44:01,066 - watchfiles.main - 1 change detected
2026-06-16 17:44:01,483 - watchfiles.main - 1 change detected
2026-06-16 17:44:01,890 - watchfiles.main - 1 change detected
2026-06-16 17:44:02,293 - watchfiles.main - 1 change detected
2026-06-16 17:44:02,696 - watchfiles.main - 1 change detected
2026-06-16 17:44:03,104 - watchfiles.main - 1 change detected
2026-06-16 17:44:03,521 - watchfiles.main - 1 change detected
2026-06-16 17:44:03,924 - watchfiles.main - 1 change detected
2026-06-16 17:44:04,342 - watchfiles.main - 1 change detected
2026-06-16 17:44:04,744 - watchfiles.main - 1 change detected
2026-06-16 17:44:05,151 - watchfiles.main - 1 change detected
2026-06-16 17:44:05,559 - watchfiles.main - 1 change detected
2026-06-16 17:44:05,961 - watchfiles.main - 1 change detected
2026-06-16 17:44:06,364 - watchfiles.main - 1 change detected
2026-06-16 17:44:06,782 - watchfiles.main - 1 change detected
2026-06-16 17:44:07,190 - watchfiles.main - 1 change detected
2026-06-16 17:44:07,592 - watchfiles.main - 1 change detected
2026-06-16 17:44:07,994 - watchfiles.main - 1 change detected
2026-06-16 17:44:08,411 - watchfiles.main - 1 change detected
2026-06-16 17:44:08,819 - watchfiles.main - 1 change detected
2026-06-16 17:44:09,223 - watchfiles.main - 1 change detected
2026-06-16 17:44:09,626 - watchfiles.main - 1 change detected
2026-06-16 17:44:10,037 - watchfiles.main - 1 change detected
2026-06-16 17:44:10,450 - watchfiles.main - 1 change detected
2026-06-16 17:44:10,858 - watchfiles.main - 1 change detected
2026-06-16 17:44:11,266 - watchfiles.main - 1 change detected
2026-06-16 17:44:11,633 - watchfiles.main - 1 change detected
2026-06-16 17:44:12,038 - watchfiles.main - 1 change detected
2026-06-16 17:44:12,440 - watchfiles.main - 1 change detected
2026-06-16 17:44:12,856 - watchfiles.main - 1 change detected
2026-06-16 17:44:13,273 - watchfiles.main - 1 change detected
2026-06-16 17:44:13,680 - watchfiles.main - 1 change detected
2026-06-16 17:44:14,086 - watchfiles.main - 1 change detected
2026-06-16 17:44:14,503 - watchfiles.main - 1 change detected
2026-06-16 17:44:14,904 - watchfiles.main - 1 change detected
2026-06-16 17:44:15,308 - watchfiles.main - 1 change detected
2026-06-16 17:44:15,715 - watchfiles.main - 1 change detected
2026-06-16 17:44:16,132 - watchfiles.main - 1 change detected
2026-06-16 17:44:16,549 - watchfiles.main - 1 change detected
2026-06-16 17:44:16,966 - watchfiles.main - 1 change detected
2026-06-16 17:44:17,328 - watchfiles.main - 1 change detected
2026-06-16 17:44:17,790 - watchfiles.main - 1 change detected
2026-06-16 17:44:18,201 - watchfiles.main - 1 change detected
2026-06-16 17:44:18,604 - watchfiles.main - 1 change detected
2026-06-16 17:44:19,015 - watchfiles.main - 1 change detected
2026-06-16 17:44:19,433 - watchfiles.main - 1 change detected
2026-06-16 17:44:19,836 - watchfiles.main - 1 change detected
2026-06-16 17:44:20,252 - watchfiles.main - 1 change detected
2026-06-16 17:44:20,670 - watchfiles.main - 1 change detected
2026-06-16 17:44:21,080 - watchfiles.main - 1 change detected
2026-06-16 17:44:21,487 - watchfiles.main - 1 change detected
2026-06-16 17:44:21,889 - watchfiles.main - 1 change detected
2026-06-16 17:44:22,307 - watchfiles.main - 1 change detected
2026-06-16 17:44:22,725 - watchfiles.main - 1 change detected
2026-06-16 17:44:23,129 - watchfiles.main - 1 change detected
2026-06-16 17:44:23,532 - watchfiles.main - 1 change detected
2026-06-16 17:44:23,935 - watchfiles.main - 1 change detected
2026-06-16 17:44:24,339 - watchfiles.main - 1 change detected
2026-06-16 17:44:24,747 - watchfiles.main - 1 change detected
2026-06-16 17:44:25,150 - watchfiles.main - 1 change detected
2026-06-16 17:44:25,552 - watchfiles.main - 1 change detected
2026-06-16 17:44:25,955 - watchfiles.main - 1 change detected
2026-06-16 17:44:26,361 - watchfiles.main - 1 change detected
2026-06-16 17:44:26,770 - watchfiles.main - 1 change detected
2026-06-16 17:44:27,183 - watchfiles.main - 1 change detected
2026-06-16 17:44:27,586 - watchfiles.main - 1 change detected
2026-06-16 17:44:27,993 - watchfiles.main - 1 change detected
2026-06-16 17:44:28,401 - watchfiles.main - 1 change detected
2026-06-16 17:44:28,820 - watchfiles.main - 1 change detected
2026-06-16 17:44:29,222 - watchfiles.main - 1 change detected
2026-06-16 17:44:29,639 - watchfiles.main - 1 change detected
2026-06-16 17:44:30,252 - watchfiles.main - 1 change detected
2026-06-16 17:44:30,617 - watchfiles.main - 1 change detected
2026-06-16 17:44:31,070 - watchfiles.main - 1 change detected
2026-06-16 17:44:31,473 - watchfiles.main - 1 change detected
2026-06-16 17:44:31,878 - watchfiles.main - 1 change detected
2026-06-16 17:44:32,695 - watchfiles.main - 1 change detected
2026-06-16 17:44:33,051 - watchfiles.main - 1 change detected
2026-06-16 17:44:33,503 - watchfiles.main - 1 change detected
2026-06-16 17:44:33,921 - watchfiles.main - 1 change detected
2026-06-16 17:44:34,498 - watchfiles.main - 1 change detected
2026-06-16 17:44:34,852 - watchfiles.main - 1 change detected
2026-06-16 17:44:35,254 - watchfiles.main - 1 change detected
2026-06-16 17:44:35,656 - watchfiles.main - 1 change detected
2026-06-16 17:44:36,069 - watchfiles.main - 1 change detected
2026-06-16 17:44:36,486 - watchfiles.main - 1 change detected
2026-06-16 17:44:36,892 - watchfiles.main - 1 change detected
2026-06-16 17:44:37,306 - watchfiles.main - 1 change detected
2026-06-16 17:44:37,716 - watchfiles.main - 1 change detected
2026-06-16 17:44:38,169 - watchfiles.main - 1 change detected
2026-06-16 17:44:38,584 - watchfiles.main - 1 change detected
2026-06-16 17:44:38,988 - watchfiles.main - 1 change detected
2026-06-16 17:44:39,348 - watchfiles.main - 1 change detected
2026-06-16 17:44:39,755 - watchfiles.main - 1 change detected
2026-06-16 17:44:40,169 - watchfiles.main - 1 change detected
2026-06-16 17:44:40,583 - watchfiles.main - 1 change detected
2026-06-16 17:44:40,950 - watchfiles.main - 1 change detected
2026-06-16 17:44:41,432 - watchfiles.main - 1 change detected
2026-06-16 17:44:41,797 - watchfiles.main - 1 change detected
2026-06-16 17:44:42,150 - watchfiles.main - 1 change detected
2026-06-16 17:44:42,518 - watchfiles.main - 1 change detected
2026-06-16 17:44:42,881 - watchfiles.main - 6 changes detected
2026-06-16 17:44:43,344 - watchfiles.main - 1 change detected
2026-06-16 17:44:43,710 - watchfiles.main - 1 change detected
2026-06-16 17:44:44,122 - watchfiles.main - 1 change detected
2026-06-16 17:44:44,526 - watchfiles.main - 1 change detected
2026-06-16 17:44:44,987 - watchfiles.main - 1 change detected
2026-06-16 17:44:45,375 - watchfiles.main - 1 change detected
2026-06-16 17:44:45,736 - watchfiles.main - 1 change detected
2026-06-16 17:45:12,365 - watchfiles.main - 2 changes detected
2026-06-16 17:45:13,919 - watchfiles.main - 5 changes detected
2026-06-16 17:45:36,961 - watchfiles.main - 1 change detected
2026-06-16 17:47:20,301 - watchfiles.main - 2 changes detected
2026-06-16 17:47:22,191 - watchfiles.main - 5 changes detected
2026-06-16 17:48:07,419 - watchfiles.main - 4 changes detected
2026-06-16 17:48:08,774 - easyocr.easyocr - Neither CUDA nor MPS are available - defaulting to CPU. Note: This module is much faster with a GPU.
2026-06-16 17:48:33,408 - easyocr.easyocr - Neither CUDA nor MPS are available - defaulting to CPU. Note: This module is much faster with a GPU.
2026-06-16 17:49:00,214 - watchfiles.main - 1 change detected
2026-06-16 17:49:00,812 - watchfiles.main - 1 change detected
2026-06-16 17:49:01,218 - watchfiles.main - 1 change detected
2026-06-16 17:49:01,635 - watchfiles.main - 1 change detected
2026-06-16 17:49:02,049 - watchfiles.main - 1 change detected
2026-06-16 17:49:02,452 - watchfiles.main - 1 change detected
2026-06-16 17:49:02,868 - watchfiles.main - 1 change detected
2026-06-16 17:49:03,235 - watchfiles.main - 1 change detected
2026-06-16 17:49:03,641 - watchfiles.main - 1 change detected
2026-06-16 17:49:04,105 - watchfiles.main - 1 change detected
2026-06-16 17:49:04,509 - watchfiles.main - 1 change detected
2026-06-16 17:49:04,911 - watchfiles.main - 1 change detected
2026-06-16 17:49:05,314 - watchfiles.main - 1 change detected
2026-06-16 17:49:05,728 - watchfiles.main - 1 change detected
2026-06-16 17:49:06,135 - watchfiles.main - 1 change detected
2026-06-16 17:49:06,587 - watchfiles.main - 1 change detected
2026-06-16 17:49:06,989 - watchfiles.main - 1 change detected
2026-06-16 17:49:07,406 - watchfiles.main - 1 change detected
2026-06-16 17:49:07,812 - watchfiles.main - 1 change detected
2026-06-16 17:49:08,218 - watchfiles.main - 1 change detected
2026-06-16 17:49:08,620 - watchfiles.main - 1 change detected
2026-06-16 17:49:09,032 - watchfiles.main - 1 change detected
2026-06-16 17:49:09,442 - watchfiles.main - 1 change detected
2026-06-16 17:49:09,851 - watchfiles.main - 1 change detected
2026-06-16 17:49:10,254 - watchfiles.main - 1 change detected
2026-06-16 17:49:10,656 - watchfiles.main - 1 change detected
2026-06-16 17:49:11,067 - watchfiles.main - 1 change detected
2026-06-16 17:49:11,481 - watchfiles.main - 1 change detected
2026-06-16 17:49:11,883 - watchfiles.main - 1 change detected
2026-06-16 17:49:12,285 - watchfiles.main - 1 change detected
2026-06-16 17:49:12,688 - watchfiles.main - 1 change detected
2026-06-16 17:49:13,104 - watchfiles.main - 1 change detected
2026-06-16 17:49:13,507 - watchfiles.main - 1 change detected
2026-06-16 17:49:13,909 - watchfiles.main - 1 change detected
2026-06-16 17:49:14,312 - watchfiles.main - 1 change detected
2026-06-16 17:49:14,727 - watchfiles.main - 1 change detected
2026-06-16 17:49:15,134 - watchfiles.main - 1 change detected
2026-06-16 17:49:15,536 - watchfiles.main - 1 change detected
2026-06-16 17:49:15,989 - watchfiles.main - 1 change detected
2026-06-16 17:49:16,353 - watchfiles.main - 1 change detected
2026-06-16 17:49:16,765 - watchfiles.main - 1 change detected
2026-06-16 17:49:17,177 - watchfiles.main - 1 change detected
2026-06-16 17:49:17,630 - watchfiles.main - 1 change detected
2026-06-16 17:49:18,034 - watchfiles.main - 1 change detected
2026-06-16 17:49:18,440 - watchfiles.main - 1 change detected
2026-06-16 17:49:18,848 - watchfiles.main - 1 change detected
2026-06-16 17:49:19,257 - watchfiles.main - 1 change detected
2026-06-16 17:49:19,675 - watchfiles.main - 1 change detected
2026-06-16 17:49:20,041 - watchfiles.main - 1 change detected
2026-06-16 17:49:20,447 - watchfiles.main - 1 change detected
2026-06-16 17:49:20,900 - watchfiles.main - 1 change detected
2026-06-16 17:49:21,303 - watchfiles.main - 1 change detected
2026-06-16 17:49:21,719 - watchfiles.main - 1 change detected
2026-06-16 17:49:22,136 - watchfiles.main - 1 change detected
2026-06-16 17:49:22,550 - watchfiles.main - 1 change detected
2026-06-16 17:49:22,952 - watchfiles.main - 1 change detected
2026-06-16 17:49:23,354 - watchfiles.main - 1 change detected
2026-06-16 17:49:23,757 - watchfiles.main - 1 change detected
2026-06-16 17:49:24,164 - watchfiles.main - 1 change detected
2026-06-16 17:49:24,567 - watchfiles.main - 1 change detected
2026-06-16 17:49:24,969 - watchfiles.main - 1 change detected
2026-06-16 17:49:25,387 - watchfiles.main - 1 change detected
2026-06-16 17:49:25,795 - watchfiles.main - 1 change detected
2026-06-16 17:49:26,198 - watchfiles.main - 1 change detected
2026-06-16 17:49:26,601 - watchfiles.main - 1 change detected
2026-06-16 17:49:27,018 - watchfiles.main - 1 change detected
2026-06-16 17:49:27,424 - watchfiles.main - 1 change detected
2026-06-16 17:49:27,828 - watchfiles.main - 1 change detected
2026-06-16 17:49:28,244 - watchfiles.main - 1 change detected
2026-06-16 17:49:28,646 - watchfiles.main - 1 change detected
2026-06-16 17:49:29,062 - watchfiles.main - 1 change detected
2026-06-16 17:49:29,479 - watchfiles.main - 1 change detected
2026-06-16 17:49:29,882 - watchfiles.main - 1 change detected
2026-06-16 17:49:30,294 - watchfiles.main - 1 change detected
2026-06-16 17:49:30,701 - watchfiles.main - 1 change detected
2026-06-16 17:49:31,112 - watchfiles.main - 1 change detected
2026-06-16 17:49:31,515 - watchfiles.main - 1 change detected
2026-06-16 17:49:31,917 - watchfiles.main - 1 change detected
2026-06-16 17:49:32,332 - watchfiles.main - 1 change detected
2026-06-16 17:49:32,739 - watchfiles.main - 1 change detected
2026-06-16 17:49:33,147 - watchfiles.main - 1 change detected
2026-06-16 17:49:33,549 - watchfiles.main - 1 change detected
2026-06-16 17:49:33,950 - watchfiles.main - 1 change detected
2026-06-16 17:49:34,354 - watchfiles.main - 1 change detected
2026-06-16 17:49:34,761 - watchfiles.main - 1 change detected
2026-06-16 17:49:35,177 - watchfiles.main - 1 change detected
2026-06-16 17:49:35,580 - watchfiles.main - 1 change detected
2026-06-16 17:49:35,984 - watchfiles.main - 1 change detected
2026-06-16 17:49:36,391 - watchfiles.main - 1 change detected
2026-06-16 17:49:36,793 - watchfiles.main - 1 change detected
2026-06-16 17:49:37,210 - watchfiles.main - 1 change detected
2026-06-16 17:49:37,613 - watchfiles.main - 1 change detected
2026-06-16 17:49:38,022 - watchfiles.main - 1 change detected
2026-06-16 17:49:38,426 - watchfiles.main - 1 change detected
2026-06-16 17:49:38,828 - watchfiles.main - 1 change detected
2026-06-16 17:49:39,231 - watchfiles.main - 1 change detected
2026-06-16 17:49:39,638 - watchfiles.main - 1 change detected
2026-06-16 17:49:40,045 - watchfiles.main - 1 change detected
2026-06-16 17:49:40,448 - watchfiles.main - 1 change detected
2026-06-16 17:49:40,850 - watchfiles.main - 1 change detected
2026-06-16 17:49:41,252 - watchfiles.main - 1 change detected
2026-06-16 17:49:41,661 - watchfiles.main - 1 change detected
2026-06-16 17:49:42,064 - watchfiles.main - 1 change detected
2026-06-16 17:49:42,466 - watchfiles.main - 1 change detected
2026-06-16 17:49:42,881 - watchfiles.main - 1 change detected
2026-06-16 17:49:43,288 - watchfiles.main - 1 change detected
2026-06-16 17:49:43,690 - watchfiles.main - 1 change detected
2026-06-16 17:49:44,099 - watchfiles.main - 1 change detected
2026-06-16 17:49:44,511 - watchfiles.main - 1 change detected
2026-06-16 17:49:44,920 - watchfiles.main - 1 change detected
2026-06-16 17:49:45,328 - watchfiles.main - 1 change detected
2026-06-16 17:49:45,730 - watchfiles.main - 1 change detected
2026-06-16 17:49:46,145 - watchfiles.main - 1 change detected
2026-06-16 17:49:46,552 - watchfiles.main - 1 change detected
2026-06-16 17:49:46,957 - watchfiles.main - 1 change detected
2026-06-16 17:49:47,359 - watchfiles.main - 1 change detected
2026-06-16 17:49:47,762 - watchfiles.main - 1 change detected
2026-06-16 17:49:48,171 - watchfiles.main - 1 change detected
2026-06-16 17:49:48,573 - watchfiles.main - 1 change detected
2026-06-16 17:49:48,975 - watchfiles.main - 1 change detected
2026-06-16 17:49:49,377 - watchfiles.main - 1 change detected
2026-06-16 17:49:49,781 - watchfiles.main - 1 change detected
2026-06-16 17:49:50,188 - watchfiles.main - 1 change detected
2026-06-16 17:49:50,591 - watchfiles.main - 1 change detected
2026-06-16 17:49:50,994 - watchfiles.main - 1 change detected
2026-06-16 17:49:51,410 - watchfiles.main - 1 change detected
2026-06-16 17:49:51,818 - watchfiles.main - 1 change detected
2026-06-16 17:49:52,226 - watchfiles.main - 1 change detected
2026-06-16 17:49:52,628 - watchfiles.main - 1 change detected
2026-06-16 17:49:53,030 - watchfiles.main - 1 change detected
2026-06-16 17:49:53,432 - watchfiles.main - 1 change detected
2026-06-16 17:49:53,841 - watchfiles.main - 1 change detected
2026-06-16 17:49:54,256 - watchfiles.main - 1 change detected
2026-06-16 17:49:54,658 - watchfiles.main - 1 change detected
2026-06-16 17:49:55,065 - watchfiles.main - 1 change detected
2026-06-16 17:49:55,472 - watchfiles.main - 1 change detected
2026-06-16 17:49:55,874 - watchfiles.main - 1 change detected
2026-06-16 17:49:56,289 - watchfiles.main - 1 change detected
2026-06-16 17:49:56,692 - watchfiles.main - 1 change detected
2026-06-16 17:49:57,105 - watchfiles.main - 1 change detected
2026-06-16 17:49:57,508 - watchfiles.main - 1 change detected
2026-06-16 17:49:57,910 - watchfiles.main - 1 change detected
2026-06-16 17:49:58,319 - watchfiles.main - 1 change detected
2026-06-16 17:49:58,732 - watchfiles.main - 1 change detected
2026-06-16 17:49:59,140 - watchfiles.main - 1 change detected
2026-06-16 17:49:59,542 - watchfiles.main - 1 change detected
2026-06-16 17:49:59,945 - watchfiles.main - 1 change detected
2026-06-16 17:50:00,361 - watchfiles.main - 1 change detected
2026-06-16 17:50:00,769 - watchfiles.main - 1 change detected
2026-06-16 17:50:01,173 - watchfiles.main - 1 change detected
2026-06-16 17:50:01,575 - watchfiles.main - 1 change detected
2026-06-16 17:50:01,991 - watchfiles.main - 1 change detected
2026-06-16 17:50:02,348 - watchfiles.main - 1 change detected
2026-06-16 17:50:02,801 - watchfiles.main - 1 change detected
2026-06-16 17:50:03,218 - watchfiles.main - 1 change detected
2026-06-16 17:50:03,620 - watchfiles.main - 1 change detected
2026-06-16 17:50:04,030 - watchfiles.main - 1 change detected
2026-06-16 17:50:04,538 - watchfiles.main - 1 change detected
2026-06-16 17:50:04,955 - watchfiles.main - 1 change detected
2026-06-16 17:50:05,360 - watchfiles.main - 1 change detected
2026-06-16 17:50:05,904 - watchfiles.main - 1 change detected
2026-06-16 17:50:06,319 - watchfiles.main - 1 change detected
2026-06-16 17:50:06,726 - watchfiles.main - 1 change detected
2026-06-16 17:50:07,133 - watchfiles.main - 1 change detected
2026-06-16 17:50:07,536 - watchfiles.main - 1 change detected
2026-06-16 17:50:07,939 - watchfiles.main - 1 change detected
2026-06-16 17:50:08,342 - watchfiles.main - 1 change detected
2026-06-16 17:50:08,750 - watchfiles.main - 1 change detected
2026-06-16 17:50:09,153 - watchfiles.main - 1 change detected
2026-06-16 17:50:09,556 - watchfiles.main - 1 change detected
2026-06-16 17:50:09,959 - watchfiles.main - 1 change detected
2026-06-16 17:50:10,364 - watchfiles.main - 1 change detected
2026-06-16 17:50:10,772 - watchfiles.main - 1 change detected
2026-06-16 17:50:11,186 - watchfiles.main - 1 change detected
2026-06-16 17:50:11,589 - watchfiles.main - 1 change detected
2026-06-16 17:50:11,996 - watchfiles.main - 1 change detected
2026-06-16 17:50:12,402 - watchfiles.main - 1 change detected
2026-06-16 17:50:12,819 - watchfiles.main - 1 change detected
2026-06-16 17:50:13,220 - watchfiles.main - 1 change detected
2026-06-16 17:50:13,624 - watchfiles.main - 1 change detected
2026-06-16 17:50:14,031 - watchfiles.main - 1 change detected
2026-06-16 17:50:14,448 - watchfiles.main - 1 change detected
2026-06-16 17:50:14,849 - watchfiles.main - 1 change detected
2026-06-16 17:50:15,253 - watchfiles.main - 1 change detected
2026-06-16 17:50:15,661 - watchfiles.main - 1 change detected
2026-06-16 17:50:16,069 - watchfiles.main - 1 change detected
2026-06-16 17:50:16,486 - watchfiles.main - 1 change detected
2026-06-16 17:50:16,903 - watchfiles.main - 1 change detected
2026-06-16 17:50:17,318 - watchfiles.main - 1 change detected
2026-06-16 17:50:17,731 - watchfiles.main - 1 change detected
2026-06-16 17:50:18,136 - watchfiles.main - 1 change detected
2026-06-16 17:50:18,553 - watchfiles.main - 1 change detected
2026-06-16 17:50:18,969 - watchfiles.main - 1 change detected
2026-06-16 17:50:19,378 - watchfiles.main - 1 change detected
2026-06-16 17:50:19,786 - watchfiles.main - 1 change detected
2026-06-16 17:50:20,197 - watchfiles.main - 1 change detected
2026-06-16 17:50:20,599 - watchfiles.main - 1 change detected
2026-06-16 17:50:21,009 - watchfiles.main - 1 change detected
2026-06-16 17:50:21,416 - watchfiles.main - 1 change detected
2026-06-16 17:50:21,818 - watchfiles.main - 1 change detected
2026-06-16 17:50:22,221 - watchfiles.main - 1 change detected
2026-06-16 17:50:22,624 - watchfiles.main - 1 change detected
2026-06-16 17:50:23,030 - watchfiles.main - 1 change detected
2026-06-16 17:50:23,431 - watchfiles.main - 1 change detected
2026-06-16 17:50:23,834 - watchfiles.main - 1 change detected
2026-06-16 17:50:24,239 - watchfiles.main - 1 change detected
2026-06-16 17:50:24,645 - watchfiles.main - 1 change detected
2026-06-16 17:50:25,048 - watchfiles.main - 1 change detected
2026-06-16 17:50:25,451 - watchfiles.main - 1 change detected
2026-06-16 17:50:25,853 - watchfiles.main - 1 change detected
2026-06-16 17:50:26,269 - watchfiles.main - 1 change detected
2026-06-16 17:50:26,684 - watchfiles.main - 1 change detected
2026-06-16 17:50:27,086 - watchfiles.main - 1 change detected
2026-06-16 17:50:27,489 - watchfiles.main - 1 change detected
2026-06-16 17:50:27,891 - watchfiles.main - 1 change detected
2026-06-16 17:50:28,298 - watchfiles.main - 1 change detected
2026-06-16 17:50:28,751 - watchfiles.main - 1 change detected
2026-06-16 17:50:29,114 - watchfiles.main - 1 change detected
2026-06-16 17:50:29,519 - watchfiles.main - 1 change detected
2026-06-16 17:50:29,927 - watchfiles.main - 1 change detected
2026-06-16 17:50:30,338 - watchfiles.main - 1 change detected
2026-06-16 17:50:30,740 - watchfiles.main - 1 change detected
2026-06-16 17:50:31,151 - watchfiles.main - 1 change detected
2026-06-16 17:50:31,559 - watchfiles.main - 1 change detected
2026-06-16 17:50:31,963 - watchfiles.main - 1 change detected
2026-06-16 17:50:32,366 - watchfiles.main - 1 change detected
2026-06-16 17:50:32,768 - watchfiles.main - 1 change detected
2026-06-16 17:50:33,185 - watchfiles.main - 1 change detected
2026-06-16 17:50:33,597 - watchfiles.main - 1 change detected
2026-06-16 17:50:34,050 - watchfiles.main - 1 change detected
2026-06-16 17:50:34,452 - watchfiles.main - 1 change detected
2026-06-16 17:50:34,866 - watchfiles.main - 1 change detected
2026-06-16 17:50:35,283 - watchfiles.main - 1 change detected
2026-06-16 17:50:35,699 - watchfiles.main - 1 change detected
2026-06-16 17:50:36,101 - watchfiles.main - 1 change detected
2026-06-16 17:50:36,504 - watchfiles.main - 1 change detected
2026-06-16 17:50:36,921 - watchfiles.main - 1 change detected
2026-06-16 17:50:37,328 - watchfiles.main - 1 change detected
2026-06-16 17:50:37,731 - watchfiles.main - 1 change detected
2026-06-16 17:50:38,133 - watchfiles.main - 1 change detected
2026-06-16 17:50:38,535 - watchfiles.main - 1 change detected
2026-06-16 17:50:38,943 - watchfiles.main - 1 change detected
2026-06-16 17:50:39,356 - watchfiles.main - 1 change detected
2026-06-16 17:50:40,111 - watchfiles.main - 1 change detected
2026-06-16 17:50:40,476 - watchfiles.main - 1 change detected
2026-06-16 17:50:40,828 - watchfiles.main - 1 change detected
2026-06-16 17:50:41,244 - watchfiles.main - 1 change detected
2026-06-16 17:50:41,655 - watchfiles.main - 1 change detected
2026-06-16 17:50:42,062 - watchfiles.main - 1 change detected
2026-06-16 17:50:42,465 - watchfiles.main - 1 change detected
2026-06-16 17:50:42,917 - watchfiles.main - 1 change detected
2026-06-16 17:50:43,324 - watchfiles.main - 1 change detected
2026-06-16 17:50:43,741 - watchfiles.main - 1 change detected
2026-06-16 17:50:44,195 - watchfiles.main - 1 change detected
2026-06-16 17:50:44,598 - watchfiles.main - 1 change detected
2026-06-16 17:50:45,000 - watchfiles.main - 1 change detected
2026-06-16 17:50:45,417 - watchfiles.main - 1 change detected
2026-06-16 17:50:45,824 - watchfiles.main - 1 change detected
2026-06-16 17:50:46,236 - watchfiles.main - 1 change detected
2026-06-16 17:50:46,639 - watchfiles.main - 1 change detected
2026-06-16 17:50:47,047 - watchfiles.main - 1 change detected
2026-06-16 17:50:47,456 - watchfiles.main - 1 change detected
2026-06-16 17:50:47,859 - watchfiles.main - 1 change detected
2026-06-16 17:50:48,269 - watchfiles.main - 1 change detected
2026-06-16 17:50:48,685 - watchfiles.main - 1 change detected
2026-06-16 17:50:49,101 - watchfiles.main - 1 change detected
2026-06-16 17:50:49,458 - watchfiles.main - 1 change detected
2026-06-16 17:50:49,860 - watchfiles.main - 1 change detected
2026-06-16 17:50:50,271 - watchfiles.main - 1 change detected
2026-06-16 17:50:50,684 - watchfiles.main - 1 change detected
2026-06-16 17:50:51,143 - watchfiles.main - 1 change detected
2026-06-16 17:50:51,546 - watchfiles.main - 1 change detected
2026-06-16 17:50:51,948 - watchfiles.main - 1 change detected
2026-06-16 17:50:52,357 - watchfiles.main - 1 change detected
2026-06-16 17:50:52,760 - watchfiles.main - 1 change detected
2026-06-16 17:50:53,135 - watchfiles.main - 1 change detected
2026-06-16 17:50:53,537 - watchfiles.main - 1 change detected
2026-06-16 17:50:53,945 - watchfiles.main - 1 change detected
2026-06-16 17:50:54,354 - watchfiles.main - 1 change detected
2026-06-16 17:50:54,760 - watchfiles.main - 1 change detected
2026-06-16 17:50:55,163 - watchfiles.main - 1 change detected
2026-06-16 17:50:55,565 - watchfiles.main - 1 change detected
2026-06-16 17:50:55,968 - watchfiles.main - 1 change detected
2026-06-16 17:50:56,375 - watchfiles.main - 1 change detected
2026-06-16 17:50:56,793 - watchfiles.main - 1 change detected
2026-06-16 17:50:57,207 - watchfiles.main - 1 change detected
2026-06-16 17:50:57,613 - watchfiles.main - 1 change detected
2026-06-16 17:50:58,022 - watchfiles.main - 1 change detected
2026-06-16 17:50:58,426 - watchfiles.main - 1 change detected
2026-06-16 17:50:58,844 - watchfiles.main - 1 change detected
2026-06-16 17:50:59,255 - watchfiles.main - 1 change detected
2026-06-16 17:50:59,668 - watchfiles.main - 1 change detected
2026-06-16 17:51:00,074 - watchfiles.main - 1 change detected
2026-06-16 17:51:00,476 - watchfiles.main - 1 change detected
2026-06-16 17:51:00,879 - watchfiles.main - 1 change detected
2026-06-16 17:51:01,284 - watchfiles.main - 1 change detected
2026-06-16 17:51:01,690 - watchfiles.main - 1 change detected
2026-06-16 17:51:02,092 - watchfiles.main - 1 change detected
2026-06-16 17:51:02,494 - watchfiles.main - 1 change detected
2026-06-16 17:51:02,898 - watchfiles.main - 1 change detected
2026-06-16 17:51:03,306 - watchfiles.main - 1 change detected
2026-06-16 17:51:03,708 - watchfiles.main - 1 change detected
2026-06-16 17:51:04,112 - watchfiles.main - 1 change detected
2026-06-16 17:51:04,529 - watchfiles.main - 1 change detected
2026-06-16 17:51:04,935 - watchfiles.main - 1 change detected
2026-06-16 17:51:05,338 - watchfiles.main - 1 change detected
2026-06-16 17:51:05,741 - watchfiles.main - 1 change detected
2026-06-16 17:51:06,143 - watchfiles.main - 1 change detected
2026-06-16 17:51:06,549 - watchfiles.main - 1 change detected
2026-06-16 17:51:06,958 - watchfiles.main - 1 change detected
2026-06-16 17:51:07,369 - watchfiles.main - 1 change detected
2026-06-16 17:51:07,771 - watchfiles.main - 1 change detected
2026-06-16 17:51:08,180 - watchfiles.main - 1 change detected
2026-06-16 17:51:08,589 - watchfiles.main - 1 change detected
2026-06-16 17:51:08,991 - watchfiles.main - 1 change detected
2026-06-16 17:51:09,402 - watchfiles.main - 1 change detected
2026-06-16 17:51:09,811 - watchfiles.main - 1 change detected
2026-06-16 17:51:10,217 - watchfiles.main - 1 change detected
2026-06-16 17:51:10,619 - watchfiles.main - 1 change detected
2026-06-16 17:51:11,021 - watchfiles.main - 1 change detected
2026-06-16 17:51:11,426 - watchfiles.main - 1 change detected
2026-06-16 17:51:11,832 - watchfiles.main - 1 change detected
2026-06-16 17:51:12,237 - watchfiles.main - 1 change detected
2026-06-16 17:51:12,640 - watchfiles.main - 1 change detected
2026-06-16 17:51:13,043 - watchfiles.main - 1 change detected
2026-06-16 17:51:13,448 - watchfiles.main - 1 change detected
2026-06-16 17:51:13,855 - watchfiles.main - 1 change detected
2026-06-16 17:51:14,270 - watchfiles.main - 1 change detected
2026-06-16 17:51:14,672 - watchfiles.main - 1 change detected
2026-06-16 17:51:15,077 - watchfiles.main - 1 change detected
2026-06-16 17:51:15,486 - watchfiles.main - 1 change detected
2026-06-16 17:51:15,888 - watchfiles.main - 1 change detected
2026-06-16 17:51:16,303 - watchfiles.main - 1 change detected
2026-06-16 17:51:16,708 - watchfiles.main - 1 change detected
2026-06-16 17:51:17,116 - watchfiles.main - 1 change detected
2026-06-16 17:51:17,518 - watchfiles.main - 1 change detected
2026-06-16 17:51:17,921 - watchfiles.main - 1 change detected
2026-06-16 17:51:18,336 - watchfiles.main - 1 change detected
2026-06-16 17:51:18,746 - watchfiles.main - 1 change detected
2026-06-16 17:51:19,154 - watchfiles.main - 1 change detected
2026-06-16 17:51:19,556 - watchfiles.main - 1 change detected
2026-06-16 17:51:19,958 - watchfiles.main - 1 change detected
2026-06-16 17:51:20,362 - watchfiles.main - 1 change detected
2026-06-16 17:51:20,768 - watchfiles.main - 1 change detected
2026-06-16 17:51:21,170 - watchfiles.main - 1 change detected
2026-06-16 17:51:21,573 - watchfiles.main - 1 change detected
2026-06-16 17:51:21,976 - watchfiles.main - 1 change detected
2026-06-16 17:51:22,384 - watchfiles.main - 1 change detected
2026-06-16 17:51:22,786 - watchfiles.main - 1 change detected
2026-06-16 17:51:23,188 - watchfiles.main - 1 change detected
2026-06-16 17:51:23,592 - watchfiles.main - 1 change detected
2026-06-16 17:51:23,999 - watchfiles.main - 1 change detected
2026-06-16 17:51:24,410 - watchfiles.main - 1 change detected
2026-06-16 17:51:24,813 - watchfiles.main - 1 change detected
2026-06-16 17:51:25,221 - watchfiles.main - 1 change detected
2026-06-16 17:51:25,627 - watchfiles.main - 1 change detected
2026-06-16 17:51:26,036 - watchfiles.main - 1 change detected
2026-06-16 17:51:26,441 - watchfiles.main - 1 change detected
2026-06-16 17:51:26,843 - watchfiles.main - 1 change detected
2026-06-16 17:51:27,255 - watchfiles.main - 1 change detected
2026-06-16 17:51:27,667 - watchfiles.main - 1 change detected
2026-06-16 17:51:28,069 - watchfiles.main - 1 change detected
2026-06-16 17:51:28,525 - watchfiles.main - 1 change detected
2026-06-16 17:51:28,928 - watchfiles.main - 1 change detected
2026-06-16 17:51:29,336 - watchfiles.main - 1 change detected
2026-06-16 17:51:29,752 - watchfiles.main - 1 change detected
2026-06-16 17:51:30,154 - watchfiles.main - 1 change detected
2026-06-16 17:51:30,555 - watchfiles.main - 1 change detected
2026-06-16 17:51:30,959 - watchfiles.main - 1 change detected
2026-06-16 17:51:31,367 - watchfiles.main - 1 change detected
2026-06-16 17:51:31,769 - watchfiles.main - 1 change detected
2026-06-16 17:51:32,170 - watchfiles.main - 1 change detected
2026-06-16 17:51:32,573 - watchfiles.main - 1 change detected
2026-06-16 17:51:32,981 - watchfiles.main - 1 change detected
2026-06-16 17:51:33,388 - watchfiles.main - 1 change detected
2026-06-16 17:51:33,790 - watchfiles.main - 1 change detected
2026-06-16 17:51:34,204 - watchfiles.main - 1 change detected
2026-06-16 17:51:34,612 - watchfiles.main - 1 change detected
2026-06-16 17:51:35,015 - watchfiles.main - 1 change detected
2026-06-16 17:51:35,423 - watchfiles.main - 1 change detected
2026-06-16 17:51:35,826 - watchfiles.main - 1 change detected
2026-06-16 17:51:36,203 - watchfiles.main - 1 change detected
2026-06-16 17:51:36,605 - watchfiles.main - 1 change detected
2026-06-16 17:51:37,007 - watchfiles.main - 1 change detected
2026-06-16 17:51:37,415 - watchfiles.main - 1 change detected
2026-06-16 17:51:37,826 - watchfiles.main - 1 change detected
2026-06-16 17:51:38,232 - watchfiles.main - 1 change detected
2026-06-16 17:51:38,634 - watchfiles.main - 1 change detected
2026-06-16 17:51:39,036 - watchfiles.main - 1 change detected
2026-06-16 17:51:39,439 - watchfiles.main - 1 change detected
2026-06-16 17:51:39,847 - watchfiles.main - 1 change detected
2026-06-16 17:51:40,257 - watchfiles.main - 1 change detected
2026-06-16 17:51:40,659 - watchfiles.main - 1 change detected
2026-06-16 17:51:41,070 - watchfiles.main - 1 change detected
2026-06-16 17:51:41,479 - watchfiles.main - 1 change detected
2026-06-16 17:51:41,881 - watchfiles.main - 1 change detected
2026-06-16 17:51:42,297 - watchfiles.main - 1 change detected
2026-06-16 17:51:42,700 - watchfiles.main - 1 change detected
2026-06-16 17:51:43,108 - watchfiles.main - 1 change detected
2026-06-16 17:51:43,512 - watchfiles.main - 1 change detected
2026-06-16 17:51:43,915 - watchfiles.main - 1 change detected
2026-06-16 17:51:44,325 - watchfiles.main - 1 change detected
2026-06-16 17:51:44,739 - watchfiles.main - 1 change detected
2026-06-16 17:51:45,146 - watchfiles.main - 1 change detected
2026-06-16 17:51:45,548 - watchfiles.main - 1 change detected
2026-06-16 17:51:45,951 - watchfiles.main - 1 change detected
2026-06-16 17:51:46,358 - watchfiles.main - 1 change detected
2026-06-16 17:51:46,762 - watchfiles.main - 1 change detected
2026-06-16 17:51:47,164 - watchfiles.main - 1 change detected
2026-06-16 17:51:47,566 - watchfiles.main - 1 change detected
2026-06-16 17:51:47,969 - watchfiles.main - 1 change detected
2026-06-16 17:51:48,377 - watchfiles.main - 1 change detected
2026-06-16 17:51:48,780 - watchfiles.main - 1 change detected
2026-06-16 17:51:49,183 - watchfiles.main - 1 change detected
2026-06-16 17:51:49,598 - watchfiles.main - 1 change detected
2026-06-16 17:51:50,005 - watchfiles.main - 1 change detected
2026-06-16 17:51:50,414 - watchfiles.main - 1 change detected
2026-06-16 17:51:50,817 - watchfiles.main - 1 change detected
2026-06-16 17:51:51,219 - watchfiles.main - 1 change detected
2026-06-16 17:51:51,621 - watchfiles.main - 1 change detected
2026-06-16 17:51:52,028 - watchfiles.main - 1 change detected
2026-06-16 17:51:52,433 - watchfiles.main - 1 change detected
2026-06-16 17:51:52,835 - watchfiles.main - 1 change detected
2026-06-16 17:51:53,251 - watchfiles.main - 1 change detected
2026-06-16 17:51:53,660 - watchfiles.main - 1 change detected
2026-06-16 17:51:54,062 - watchfiles.main - 1 change detected
2026-06-16 17:51:54,466 - watchfiles.main - 1 change detected
2026-06-16 17:51:54,881 - watchfiles.main - 1 change detected
2026-06-16 17:51:55,295 - watchfiles.main - 1 change detected
2026-06-16 17:51:55,700 - watchfiles.main - 1 change detected
2026-06-16 17:51:56,102 - watchfiles.main - 1 change detected
2026-06-16 17:51:56,504 - watchfiles.main - 1 change detected
2026-06-16 17:51:56,920 - watchfiles.main - 1 change detected
2026-06-16 17:51:57,328 - watchfiles.main - 1 change detected
2026-06-16 17:51:57,731 - watchfiles.main - 1 change detected
2026-06-16 17:51:58,133 - watchfiles.main - 1 change detected
2026-06-16 17:51:58,551 - watchfiles.main - 1 change detected
2026-06-16 17:51:58,958 - watchfiles.main - 1 change detected
2026-06-16 17:51:59,362 - watchfiles.main - 1 change detected
2026-06-16 17:51:59,764 - watchfiles.main - 1 change detected
2026-06-16 17:52:00,181 - watchfiles.main - 1 change detected
2026-06-16 17:52:00,588 - watchfiles.main - 1 change detected
2026-06-16 17:52:00,992 - watchfiles.main - 1 change detected
2026-06-16 17:52:01,406 - watchfiles.main - 1 change detected
2026-06-16 17:52:01,809 - watchfiles.main - 1 change detected
2026-06-16 17:52:02,219 - watchfiles.main - 1 change detected
2026-06-16 17:52:02,626 - watchfiles.main - 1 change detected
2026-06-16 17:52:03,028 - watchfiles.main - 1 change detected
2026-06-16 17:52:03,445 - watchfiles.main - 1 change detected
2026-06-16 17:52:03,849 - watchfiles.main - 1 change detected
2026-06-16 17:52:04,257 - watchfiles.main - 1 change detected
2026-06-16 17:52:04,659 - watchfiles.main - 1 change detected
2026-06-16 17:52:05,061 - watchfiles.main - 1 change detected
2026-06-16 17:52:05,473 - watchfiles.main - 1 change detected
2026-06-16 17:52:05,887 - watchfiles.main - 1 change detected
2026-06-16 17:52:06,292 - watchfiles.main - 1 change detected
2026-06-16 17:52:06,694 - watchfiles.main - 1 change detected
2026-06-16 17:52:07,097 - watchfiles.main - 1 change detected
2026-06-16 17:52:07,502 - watchfiles.main - 1 change detected
2026-06-16 17:52:07,910 - watchfiles.main - 1 change detected
2026-06-16 17:52:08,326 - watchfiles.main - 1 change detected
2026-06-16 17:52:08,729 - watchfiles.main - 1 change detected
2026-06-16 17:52:09,133 - watchfiles.main - 1 change detected
2026-06-16 17:52:09,541 - watchfiles.main - 1 change detected
2026-06-16 17:52:09,943 - watchfiles.main - 1 change detected
2026-06-16 17:52:10,355 - watchfiles.main - 1 change detected
2026-06-16 17:52:10,763 - watchfiles.main - 1 change detected
2026-06-16 17:52:11,171 - watchfiles.main - 1 change detected
2026-06-16 17:52:11,574 - watchfiles.main - 1 change detected
2026-06-16 17:52:11,985 - watchfiles.main - 1 change detected
2026-06-16 17:52:12,393 - watchfiles.main - 1 change detected
2026-06-16 17:52:12,801 - watchfiles.main - 1 change detected
2026-06-16 17:52:13,210 - watchfiles.main - 1 change detected
2026-06-16 17:52:13,612 - watchfiles.main - 1 change detected
2026-06-16 17:52:14,014 - watchfiles.main - 1 change detected
2026-06-16 17:52:14,427 - watchfiles.main - 1 change detected
2026-06-16 17:52:14,839 - watchfiles.main - 1 change detected
2026-06-16 17:52:15,257 - watchfiles.main - 1 change detected
2026-06-16 17:52:15,624 - watchfiles.main - 1 change detected
2026-06-16 17:52:16,036 - watchfiles.main - 1 change detected
2026-06-16 17:52:16,438 - watchfiles.main - 1 change detected
2026-06-16 17:52:16,856 - watchfiles.main - 1 change detected
2026-06-16 17:52:17,228 - watchfiles.main - 1 change detected
2026-06-16 17:52:17,696 - watchfiles.main - 1 change detected
2026-06-16 17:52:18,100 - watchfiles.main - 1 change detected
2026-06-16 17:52:18,511 - watchfiles.main - 1 change detected
2026-06-16 17:52:18,928 - watchfiles.main - 1 change detected
2026-06-16 17:52:19,342 - watchfiles.main - 1 change detected
2026-06-16 17:52:19,754 - watchfiles.main - 1 change detected
2026-06-16 17:52:20,126 - watchfiles.main - 1 change detected
2026-06-16 17:52:20,589 - watchfiles.main - 1 change detected
2026-06-16 17:52:21,007 - watchfiles.main - 1 change detected
2026-06-16 17:52:21,418 - watchfiles.main - 1 change detected
2026-06-16 17:52:21,831 - watchfiles.main - 1 change detected
2026-06-16 17:52:22,188 - watchfiles.main - 1 change detected
2026-06-16 17:52:22,616 - watchfiles.main - 1 change detected
2026-06-16 17:52:22,989 - watchfiles.main - 1 change detected
2026-06-16 17:52:23,408 - watchfiles.main - 1 change detected
2026-06-16 17:52:23,826 - watchfiles.main - 1 change detected
2026-06-16 17:52:24,234 - watchfiles.main - 1 change detected
2026-06-16 17:52:24,642 - watchfiles.main - 1 change detected
2026-06-16 17:52:25,047 - watchfiles.main - 1 change detected
2026-06-16 17:52:25,507 - watchfiles.main - 1 change detected
2026-06-16 17:52:25,885 - watchfiles.main - 1 change detected
2026-06-16 17:52:26,347 - watchfiles.main - 1 change detected
2026-06-16 17:52:26,766 - watchfiles.main - 1 change detected
2026-06-16 17:52:27,126 - watchfiles.main - 1 change detected
2026-06-16 17:52:27,541 - watchfiles.main - 1 change detected
2026-06-16 17:52:27,948 - watchfiles.main - 1 change detected
2026-06-16 17:52:28,362 - watchfiles.main - 1 change detected
2026-06-16 17:52:28,776 - watchfiles.main - 1 change detected
2026-06-16 17:52:29,179 - watchfiles.main - 1 change detected
2026-06-16 17:52:29,596 - watchfiles.main - 1 change detected
2026-06-16 17:52:30,007 - watchfiles.main - 1 change detected
2026-06-16 17:52:30,371 - watchfiles.main - 1 change detected
2026-06-16 17:52:30,787 - watchfiles.main - 1 change detected
2026-06-16 17:52:31,192 - watchfiles.main - 1 change detected
2026-06-16 17:52:31,599 - watchfiles.main - 1 change detected
2026-06-16 17:52:32,015 - watchfiles.main - 1 change detected
2026-06-16 17:52:32,418 - watchfiles.main - 1 change detected
2026-06-16 17:52:32,822 - watchfiles.main - 1 change detected
2026-06-16 17:52:33,234 - watchfiles.main - 1 change detected
2026-06-16 17:52:33,642 - watchfiles.main - 1 change detected
2026-06-16 17:52:34,058 - watchfiles.main - 1 change detected
2026-06-16 17:52:34,473 - watchfiles.main - 1 change detected
2026-06-16 17:52:35,672 - watchfiles.main - 1 change detected
2026-06-16 18:02:43,469 - watchfiles.main - 4 changes detected
2026-06-16 18:02:44,513 - easyocr.easyocr - Neither CUDA nor MPS are available - defaulting to CPU. Note: This module is much faster with a GPU.
2026-06-16 18:03:08,290 - easyocr.easyocr - Neither CUDA nor MPS are available - defaulting to CPU. Note: This module is much faster with a GPU.
2026-06-16 18:03:33,462 - watchfiles.main - 1 change detected
2026-06-16 18:03:34,329 - watchfiles.main - 1 change detected
2026-06-16 18:03:34,688 - watchfiles.main - 1 change detected
2026-06-16 18:03:35,101 - watchfiles.main - 1 change detected
2026-06-16 18:03:35,517 - watchfiles.main - 1 change detected
2026-06-16 18:03:35,919 - watchfiles.main - 1 change detected
2026-06-16 18:03:36,322 - watchfiles.main - 1 change detected
2026-06-16 18:03:36,730 - watchfiles.main - 1 change detected
2026-06-16 18:03:37,143 - watchfiles.main - 1 change detected
2026-06-16 18:03:37,546 - watchfiles.main - 1 change detected
2026-06-16 18:03:38,004 - watchfiles.main - 1 change detected
2026-06-16 18:03:38,409 - watchfiles.main - 1 change detected
2026-06-16 18:03:38,818 - watchfiles.main - 1 change detected
2026-06-16 18:03:39,223 - watchfiles.main - 1 change detected
2026-06-16 18:03:39,625 - watchfiles.main - 1 change detected
2026-06-16 18:03:40,033 - watchfiles.main - 1 change detected
2026-06-16 18:03:40,448 - watchfiles.main - 1 change detected
2026-06-16 18:03:40,851 - watchfiles.main - 1 change detected
2026-06-16 18:03:41,253 - watchfiles.main - 1 change detected
2026-06-16 18:03:41,669 - watchfiles.main - 1 change detected
2026-06-16 18:03:42,085 - watchfiles.main - 1 change detected
2026-06-16 18:03:42,502 - watchfiles.main - 1 change detected
2026-06-16 18:03:42,904 - watchfiles.main - 1 change detected
2026-06-16 18:03:43,321 - watchfiles.main - 1 change detected
2026-06-16 18:03:43,738 - watchfiles.main - 1 change detected
2026-06-16 18:03:44,147 - watchfiles.main - 1 change detected
2026-06-16 18:03:44,550 - watchfiles.main - 1 change detected
2026-06-16 18:03:44,952 - watchfiles.main - 1 change detected
2026-06-16 18:03:45,355 - watchfiles.main - 1 change detected
2026-06-16 18:03:45,812 - watchfiles.main - 1 change detected
2026-06-16 18:03:46,216 - watchfiles.main - 1 change detected
2026-06-16 18:03:46,619 - watchfiles.main - 1 change detected
2026-06-16 18:03:47,036 - watchfiles.main - 1 change detected
2026-06-16 18:03:47,440 - watchfiles.main - 1 change detected
2026-06-16 18:03:47,847 - watchfiles.main - 1 change detected
2026-06-16 18:03:48,261 - watchfiles.main - 1 change detected
2026-06-16 18:03:48,679 - watchfiles.main - 1 change detected
2026-06-16 18:03:49,085 - watchfiles.main - 1 change detected
2026-06-16 18:03:49,491 - watchfiles.main - 1 change detected
2026-06-16 18:03:49,901 - watchfiles.main - 1 change detected
2026-06-16 18:03:50,304 - watchfiles.main - 1 change detected
2026-06-16 18:03:50,707 - watchfiles.main - 1 change detected
2026-06-16 18:03:51,119 - watchfiles.main - 1 change detected
2026-06-16 18:03:51,531 - watchfiles.main - 1 change detected
2026-06-16 18:03:51,933 - watchfiles.main - 1 change detected
2026-06-16 18:03:52,335 - watchfiles.main - 1 change detected
2026-06-16 18:03:52,739 - watchfiles.main - 1 change detected
2026-06-16 18:03:53,147 - watchfiles.main - 1 change detected
2026-06-16 18:03:53,549 - watchfiles.main - 1 change detected
2026-06-16 18:03:54,067 - watchfiles.main - 1 change detected
2026-06-16 18:03:54,484 - watchfiles.main - 1 change detected
2026-06-16 18:03:54,886 - watchfiles.main - 1 change detected
2026-06-16 18:03:55,293 - watchfiles.main - 1 change detected
2026-06-16 18:03:55,697 - watchfiles.main - 1 change detected
2026-06-16 18:03:56,112 - watchfiles.main - 1 change detected
2026-06-16 18:03:56,515 - watchfiles.main - 1 change detected
2026-06-16 18:03:56,924 - watchfiles.main - 1 change detected
2026-06-16 18:03:57,333 - watchfiles.main - 1 change detected
2026-06-16 18:03:57,735 - watchfiles.main - 1 change detected
2026-06-16 18:03:58,150 - watchfiles.main - 1 change detected
2026-06-16 18:03:58,555 - watchfiles.main - 1 change detected
2026-06-16 18:03:58,963 - watchfiles.main - 1 change detected
2026-06-16 18:03:59,380 - watchfiles.main - 1 change detected
2026-06-16 18:03:59,782 - watchfiles.main - 1 change detected
2026-06-16 18:04:00,194 - watchfiles.main - 1 change detected
2026-06-16 18:04:00,608 - watchfiles.main - 1 change detected
2026-06-16 18:04:01,011 - watchfiles.main - 1 change detected
2026-06-16 18:04:01,413 - watchfiles.main - 1 change detected
2026-06-16 18:04:01,817 - watchfiles.main - 1 change detected
2026-06-16 18:04:02,224 - watchfiles.main - 1 change detected
2026-06-16 18:04:02,631 - watchfiles.main - 1 change detected
2026-06-16 18:04:03,049 - watchfiles.main - 1 change detected
2026-06-16 18:04:03,652 - watchfiles.main - 1 change detected
2026-06-16 18:04:04,055 - watchfiles.main - 1 change detected
2026-06-16 18:04:04,457 - watchfiles.main - 1 change detected
2026-06-16 18:04:04,823 - watchfiles.main - 1 change detected
2026-06-16 18:04:05,331 - watchfiles.main - 1 change detected
2026-06-16 18:04:05,733 - watchfiles.main - 1 change detected
2026-06-16 18:04:06,146 - watchfiles.main - 1 change detected
2026-06-16 18:04:06,511 - watchfiles.main - 1 change detected
2026-06-16 18:04:06,914 - watchfiles.main - 1 change detected
2026-06-16 18:04:07,330 - watchfiles.main - 1 change detected
2026-06-16 18:04:07,897 - watchfiles.main - 1 change detected
2026-06-16 18:04:08,256 - watchfiles.main - 1 change detected
2026-06-16 18:04:08,666 - watchfiles.main - 1 change detected
2026-06-16 18:04:09,081 - watchfiles.main - 1 change detected
2026-06-16 18:04:09,497 - watchfiles.main - 1 change detected
2026-06-16 18:04:09,857 - watchfiles.main - 1 change detected
2026-06-16 18:04:10,264 - watchfiles.main - 1 change detected
2026-06-16 18:04:10,779 - watchfiles.main - 1 change detected
2026-06-16 18:04:11,193 - watchfiles.main - 1 change detected
2026-06-16 18:04:11,612 - watchfiles.main - 1 change detected
2026-06-16 18:04:12,039 - watchfiles.main - 1 change detected
2026-06-16 18:04:12,395 - watchfiles.main - 1 change detected
2026-06-16 18:04:13,643 - watchfiles.main - 1 change detected
2026-06-16 18:04:14,002 - watchfiles.main - 1 change detected
2026-06-16 18:04:14,411 - watchfiles.main - 1 change detected
2026-06-16 18:04:17,435 - watchfiles.main - 1 change detected
2026-06-16 18:04:17,795 - watchfiles.main - 1 change detected
2026-06-16 18:04:18,208 - watchfiles.main - 1 change detected
2026-06-16 18:04:18,647 - watchfiles.main - 1 change detected
2026-06-16 18:04:19,049 - watchfiles.main - 1 change detected
2026-06-16 18:04:19,466 - watchfiles.main - 1 change detected
2026-06-16 18:04:19,883 - watchfiles.main - 1 change detected
2026-06-16 18:04:20,289 - watchfiles.main - 1 change detected
2026-06-16 18:04:20,644 - watchfiles.main - 1 change detected
2026-06-16 18:04:21,060 - watchfiles.main - 1 change detected
2026-06-16 18:04:21,463 - watchfiles.main - 1 change detected
2026-06-16 18:04:21,880 - watchfiles.main - 1 change detected
2026-06-16 18:04:22,293 - watchfiles.main - 1 change detected
2026-06-16 18:04:22,710 - watchfiles.main - 1 change detected
2026-06-16 18:04:23,075 - watchfiles.main - 1 change detected
2026-06-16 18:04:23,492 - watchfiles.main - 1 change detected
2026-06-16 18:04:23,895 - watchfiles.main - 1 change detected
2026-06-16 18:04:24,307 - watchfiles.main - 1 change detected
2026-06-16 18:04:24,716 - watchfiles.main - 1 change detected
2026-06-16 18:04:25,126 - watchfiles.main - 1 change detected
2026-06-16 18:04:25,542 - watchfiles.main - 1 change detected
2026-06-16 18:04:25,954 - watchfiles.main - 1 change detected
2026-06-16 18:04:26,319 - watchfiles.main - 1 change detected
2026-06-16 18:04:26,721 - watchfiles.main - 1 change detected
2026-06-16 18:04:27,189 - watchfiles.main - 1 change detected
2026-06-16 18:04:27,593 - watchfiles.main - 1 change detected
2026-06-16 18:04:27,997 - watchfiles.main - 1 change detected
2026-06-16 18:04:28,402 - watchfiles.main - 1 change detected
2026-06-16 18:04:28,814 - watchfiles.main - 1 change detected
2026-06-16 18:04:29,223 - watchfiles.main - 1 change detected
2026-06-16 18:04:29,635 - watchfiles.main - 1 change detected
2026-06-16 18:04:30,043 - watchfiles.main - 1 change detected
2026-06-16 18:04:30,400 - watchfiles.main - 1 change detected
2026-06-16 18:04:30,806 - watchfiles.main - 1 change detected
2026-06-16 18:04:31,218 - watchfiles.main - 1 change detected
2026-06-16 18:04:31,622 - watchfiles.main - 1 change detected
2026-06-16 18:04:32,026 - watchfiles.main - 1 change detected
2026-06-16 18:04:32,488 - watchfiles.main - 1 change detected
2026-06-16 18:04:32,890 - watchfiles.main - 1 change detected
2026-06-16 18:04:33,304 - watchfiles.main - 1 change detected
2026-06-16 18:04:33,664 - watchfiles.main - 1 change detected
2026-06-16 18:04:34,073 - watchfiles.main - 1 change detected
2026-06-16 18:04:34,540 - watchfiles.main - 1 change detected
2026-06-16 18:04:34,894 - watchfiles.main - 1 change detected
2026-06-16 18:04:35,301 - watchfiles.main - 1 change detected
2026-06-16 18:04:35,715 - watchfiles.main - 1 change detected
2026-06-16 18:04:36,121 - watchfiles.main - 1 change detected
2026-06-16 18:04:36,527 - watchfiles.main - 1 change detected
2026-06-16 18:04:36,929 - watchfiles.main - 1 change detected
2026-06-16 18:04:37,335 - watchfiles.main - 1 change detected
2026-06-16 18:04:37,752 - watchfiles.main - 1 change detected
2026-06-16 18:04:38,159 - watchfiles.main - 1 change detected
2026-06-16 18:04:38,574 - watchfiles.main - 1 change detected
2026-06-16 18:04:38,976 - watchfiles.main - 1 change detected
2026-06-16 18:04:39,381 - watchfiles.main - 1 change detected
2026-06-16 18:04:39,790 - watchfiles.main - 1 change detected
2026-06-16 18:04:40,199 - watchfiles.main - 1 change detected
2026-06-16 18:04:40,554 - watchfiles.main - 1 change detected
2026-06-16 18:04:40,965 - watchfiles.main - 1 change detected
2026-06-16 18:04:41,373 - watchfiles.main - 1 change detected
2026-06-16 18:04:41,778 - watchfiles.main - 1 change detected
2026-06-16 18:04:42,183 - watchfiles.main - 1 change detected
2026-06-16 18:04:42,589 - watchfiles.main - 1 change detected
2026-06-16 18:04:43,004 - watchfiles.main - 1 change detected
2026-06-16 18:04:43,408 - watchfiles.main - 1 change detected
2026-06-16 18:04:43,810 - watchfiles.main - 1 change detected
2026-06-16 18:04:44,222 - watchfiles.main - 1 change detected
2026-06-16 18:04:44,634 - watchfiles.main - 1 change detected
2026-06-16 18:04:45,039 - watchfiles.main - 1 change detected
2026-06-16 18:04:45,448 - watchfiles.main - 1 change detected
2026-06-16 18:04:45,864 - watchfiles.main - 1 change detected
2026-06-16 18:04:46,270 - watchfiles.main - 1 change detected
2026-06-16 18:04:46,634 - watchfiles.main - 1 change detected
2026-06-16 18:04:47,040 - watchfiles.main - 1 change detected
2026-06-16 18:04:47,456 - watchfiles.main - 1 change detected
2026-06-16 18:04:47,865 - watchfiles.main - 1 change detected
2026-06-16 18:04:48,271 - watchfiles.main - 1 change detected
2026-06-16 18:04:48,683 - watchfiles.main - 1 change detected
2026-06-16 18:04:49,087 - watchfiles.main - 1 change detected
2026-06-16 18:04:49,490 - watchfiles.main - 1 change detected
2026-06-16 18:04:49,902 - watchfiles.main - 1 change detected
2026-06-16 18:04:50,313 - watchfiles.main - 1 change detected
2026-06-16 18:04:50,728 - watchfiles.main - 1 change detected
2026-06-16 18:04:51,135 - watchfiles.main - 1 change detected
2026-06-16 18:04:51,540 - watchfiles.main - 1 change detected
2026-06-16 18:04:51,955 - watchfiles.main - 1 change detected
2026-06-16 18:04:52,368 - watchfiles.main - 1 change detected
2026-06-16 18:04:52,774 - watchfiles.main - 1 change detected
2026-06-16 18:04:53,181 - watchfiles.main - 1 change detected
2026-06-16 18:04:53,587 - watchfiles.main - 1 change detected
2026-06-16 18:04:53,993 - watchfiles.main - 1 change detected
2026-06-16 18:04:54,356 - watchfiles.main - 1 change detected
2026-06-16 18:04:54,762 - watchfiles.main - 1 change detected
2026-06-16 18:04:55,170 - watchfiles.main - 1 change detected
2026-06-16 18:04:55,586 - watchfiles.main - 1 change detected
2026-06-16 18:04:56,005 - watchfiles.main - 1 change detected
2026-06-16 18:04:56,419 - watchfiles.main - 1 change detected
2026-06-16 18:04:56,831 - watchfiles.main - 1 change detected
2026-06-16 18:04:57,256 - watchfiles.main - 1 change detected
2026-06-16 18:04:57,664 - watchfiles.main - 1 change detected
2026-06-16 18:04:58,070 - watchfiles.main - 1 change detected
2026-06-16 18:04:58,478 - watchfiles.main - 1 change detected
2026-06-16 18:04:58,886 - watchfiles.main - 1 change detected
2026-06-16 18:04:59,247 - watchfiles.main - 1 change detected
2026-06-16 18:04:59,664 - watchfiles.main - 1 change detected
2026-06-16 18:05:00,124 - watchfiles.main - 1 change detected
2026-06-16 18:05:00,487 - watchfiles.main - 1 change detected
2026-06-16 18:05:00,891 - watchfiles.main - 1 change detected
2026-06-16 18:05:01,300 - watchfiles.main - 1 change detected
2026-06-16 18:05:01,710 - watchfiles.main - 1 change detected
2026-06-16 18:05:02,117 - watchfiles.main - 1 change detected
2026-06-16 18:05:02,521 - watchfiles.main - 1 change detected
2026-06-16 18:05:02,971 - watchfiles.main - 1 change detected
2026-06-16 18:05:03,330 - watchfiles.main - 1 change detected
2026-06-16 18:05:03,745 - watchfiles.main - 1 change detected
2026-06-16 18:05:04,205 - watchfiles.main - 1 change detected
2026-06-16 18:05:04,616 - watchfiles.main - 1 change detected
2026-06-16 18:05:05,021 - watchfiles.main - 1 change detected
2026-06-16 18:05:05,434 - watchfiles.main - 1 change detected
2026-06-16 18:05:05,846 - watchfiles.main - 1 change detected
2026-06-16 18:05:06,270 - watchfiles.main - 1 change detected
2026-06-16 18:05:06,677 - watchfiles.main - 1 change detected
2026-06-16 18:05:07,085 - watchfiles.main - 1 change detected
2026-06-16 18:05:07,491 - watchfiles.main - 1 change detected
2026-06-16 18:05:07,899 - watchfiles.main - 1 change detected
2026-06-16 18:05:08,259 - watchfiles.main - 1 change detected
2026-06-16 18:05:08,664 - watchfiles.main - 1 change detected
2026-06-16 18:05:09,118 - watchfiles.main - 1 change detected
2026-06-16 18:05:09,521 - watchfiles.main - 1 change detected
2026-06-16 18:05:09,925 - watchfiles.main - 1 change detected
2026-06-16 18:05:10,332 - watchfiles.main - 1 change detected
2026-06-16 18:05:10,740 - watchfiles.main - 1 change detected
2026-06-16 18:05:11,145 - watchfiles.main - 1 change detected
2026-06-16 18:05:11,553 - watchfiles.main - 1 change detected
2026-06-16 18:05:11,954 - watchfiles.main - 1 change detected
2026-06-16 18:05:12,362 - watchfiles.main - 1 change detected
2026-06-16 18:05:12,779 - watchfiles.main - 1 change detected
2026-06-16 18:05:13,183 - watchfiles.main - 1 change detected
2026-06-16 18:05:13,600 - watchfiles.main - 1 change detected
2026-06-16 18:05:14,013 - watchfiles.main - 1 change detected
2026-06-16 18:05:14,427 - watchfiles.main - 1 change detected
2026-06-16 18:05:14,831 - watchfiles.main - 1 change detected
2026-06-16 18:05:15,235 - watchfiles.main - 1 change detected
2026-06-16 18:05:15,645 - watchfiles.main - 1 change detected
2026-06-16 18:05:16,051 - watchfiles.main - 1 change detected
2026-06-16 18:05:16,459 - watchfiles.main - 1 change detected
2026-06-16 18:05:16,868 - watchfiles.main - 1 change detected
2026-06-16 18:05:17,275 - watchfiles.main - 1 change detected
2026-06-16 18:05:17,678 - watchfiles.main - 1 change detected
2026-06-16 18:05:18,083 - watchfiles.main - 1 change detected
2026-06-16 18:05:18,502 - watchfiles.main - 1 change detected
2026-06-16 18:05:18,905 - watchfiles.main - 1 change detected
2026-06-16 18:05:19,315 - watchfiles.main - 1 change detected
2026-06-16 18:05:19,722 - watchfiles.main - 1 change detected
2026-06-16 18:05:20,130 - watchfiles.main - 1 change detected
2026-06-16 18:05:20,533 - watchfiles.main - 1 change detected
2026-06-16 18:05:20,935 - watchfiles.main - 1 change detected
2026-06-16 18:05:21,345 - watchfiles.main - 1 change detected
2026-06-16 18:05:21,759 - watchfiles.main - 1 change detected
2026-06-16 18:05:22,168 - watchfiles.main - 1 change detected
2026-06-16 18:05:22,581 - watchfiles.main - 1 change detected
2026-06-16 18:05:22,998 - watchfiles.main - 1 change detected
2026-06-16 18:05:23,360 - watchfiles.main - 1 change detected
2026-06-16 18:05:23,764 - watchfiles.main - 1 change detected
2026-06-16 18:05:24,225 - watchfiles.main - 1 change detected
2026-06-16 18:05:24,629 - watchfiles.main - 1 change detected
2026-06-16 18:05:25,032 - watchfiles.main - 1 change detected
2026-06-16 18:05:25,443 - watchfiles.main - 1 change detected
2026-06-16 18:05:25,848 - watchfiles.main - 1 change detected
2026-06-16 18:05:26,253 - watchfiles.main - 1 change detected
2026-06-16 18:05:26,660 - watchfiles.main - 1 change detected
2026-06-16 18:05:27,066 - watchfiles.main - 1 change detected
2026-06-16 18:05:27,468 - watchfiles.main - 1 change detected
2026-06-16 18:05:27,870 - watchfiles.main - 1 change detected
2026-06-16 18:05:28,294 - watchfiles.main - 1 change detected
2026-06-16 18:05:28,707 - watchfiles.main - 1 change detected
2026-06-16 18:05:29,113 - watchfiles.main - 1 change detected
2026-06-16 18:05:29,516 - watchfiles.main - 1 change detected
2026-06-16 18:05:29,918 - watchfiles.main - 1 change detected
2026-06-16 18:05:30,328 - watchfiles.main - 1 change detected
2026-06-16 18:05:30,744 - watchfiles.main - 1 change detected
2026-06-16 18:05:31,149 - watchfiles.main - 1 change detected
2026-06-16 18:05:31,565 - watchfiles.main - 1 change detected
2026-06-16 18:05:31,967 - watchfiles.main - 1 change detected
2026-06-16 18:05:32,382 - watchfiles.main - 1 change detected
2026-06-16 18:05:32,797 - watchfiles.main - 1 change detected
2026-06-16 18:05:33,206 - watchfiles.main - 1 change detected
2026-06-16 18:05:33,611 - watchfiles.main - 1 change detected
2026-06-16 18:05:34,014 - watchfiles.main - 1 change detected
2026-06-16 18:05:34,427 - watchfiles.main - 1 change detected
2026-06-16 18:05:34,830 - watchfiles.main - 1 change detected
2026-06-16 18:05:35,238 - watchfiles.main - 1 change detected
2026-06-16 18:05:35,643 - watchfiles.main - 1 change detected
2026-06-16 18:05:36,048 - watchfiles.main - 1 change detected
2026-06-16 18:05:36,464 - watchfiles.main - 1 change detected
2026-06-16 18:05:36,866 - watchfiles.main - 1 change detected
2026-06-16 18:05:37,284 - watchfiles.main - 1 change detected
2026-06-16 18:05:37,688 - watchfiles.main - 1 change detected
2026-06-16 18:05:38,098 - watchfiles.main - 1 change detected
2026-06-16 18:05:38,509 - watchfiles.main - 1 change detected
2026-06-16 18:05:38,911 - watchfiles.main - 1 change detected
2026-06-16 18:05:39,317 - watchfiles.main - 1 change detected
2026-06-16 18:05:39,727 - watchfiles.main - 1 change detected
2026-06-16 18:05:40,143 - watchfiles.main - 1 change detected
2026-06-16 18:05:40,547 - watchfiles.main - 1 change detected
2026-06-16 18:05:40,950 - watchfiles.main - 1 change detected
2026-06-16 18:05:41,367 - watchfiles.main - 1 change detected
2026-06-16 18:05:41,780 - watchfiles.main - 1 change detected
2026-06-16 18:05:42,188 - watchfiles.main - 1 change detected
2026-06-16 18:05:42,595 - watchfiles.main - 1 change detected
2026-06-16 18:05:42,999 - watchfiles.main - 1 change detected
2026-06-16 18:05:43,410 - watchfiles.main - 1 change detected
2026-06-16 18:05:43,815 - watchfiles.main - 1 change detected
2026-06-16 18:05:44,218 - watchfiles.main - 1 change detected
2026-06-16 18:05:44,627 - watchfiles.main - 1 change detected
2026-06-16 18:05:45,029 - watchfiles.main - 1 change detected
2026-06-16 18:05:45,434 - watchfiles.main - 1 change detected
2026-06-16 18:05:45,836 - watchfiles.main - 1 change detected
2026-06-16 18:05:46,248 - watchfiles.main - 1 change detected
2026-06-16 18:05:46,657 - watchfiles.main - 1 change detected
2026-06-16 18:05:47,061 - watchfiles.main - 1 change detected
2026-06-16 18:05:47,467 - watchfiles.main - 1 change detected
2026-06-16 18:05:47,884 - watchfiles.main - 1 change detected
2026-06-16 18:05:48,286 - watchfiles.main - 1 change detected
2026-06-16 18:05:48,695 - watchfiles.main - 1 change detected
2026-06-16 18:05:49,108 - watchfiles.main - 1 change detected
2026-06-16 18:05:49,513 - watchfiles.main - 1 change detected
2026-06-16 18:05:49,914 - watchfiles.main - 1 change detected
2026-06-16 18:05:50,285 - watchfiles.main - 1 change detected
2026-06-16 18:05:50,752 - watchfiles.main - 1 change detected
2026-06-16 18:05:51,156 - watchfiles.main - 1 change detected
2026-06-16 18:05:51,559 - watchfiles.main - 1 change detected
2026-06-16 18:05:51,970 - watchfiles.main - 1 change detected
2026-06-16 18:05:52,328 - watchfiles.main - 1 change detected
2026-06-16 18:05:52,733 - watchfiles.main - 1 change detected
2026-06-16 18:05:53,141 - watchfiles.main - 1 change detected
2026-06-16 18:05:53,543 - watchfiles.main - 1 change detected
2026-06-16 18:05:53,944 - watchfiles.main - 1 change detected
2026-06-16 18:05:54,350 - watchfiles.main - 1 change detected
2026-06-16 18:05:54,765 - watchfiles.main - 1 change detected
2026-06-16 18:05:55,171 - watchfiles.main - 1 change detected
2026-06-16 18:05:55,575 - watchfiles.main - 1 change detected
2026-06-16 18:05:55,977 - watchfiles.main - 1 change detected
2026-06-16 18:05:56,385 - watchfiles.main - 1 change detected
2026-06-16 18:05:56,800 - watchfiles.main - 1 change detected
2026-06-16 18:05:57,208 - watchfiles.main - 1 change detected
2026-06-16 18:05:57,624 - watchfiles.main - 1 change detected
2026-06-16 18:05:58,027 - watchfiles.main - 1 change detected
2026-06-16 18:05:58,436 - watchfiles.main - 1 change detected
2026-06-16 18:05:58,853 - watchfiles.main - 1 change detected
2026-06-16 18:05:59,260 - watchfiles.main - 1 change detected
2026-06-16 18:05:59,669 - watchfiles.main - 1 change detected
2026-06-16 18:06:00,075 - watchfiles.main - 1 change detected
2026-06-16 18:06:00,486 - watchfiles.main - 1 change detected
2026-06-16 18:06:00,890 - watchfiles.main - 1 change detected
2026-06-16 18:06:01,294 - watchfiles.main - 1 change detected
2026-06-16 18:06:01,701 - watchfiles.main - 1 change detected
2026-06-16 18:06:02,108 - watchfiles.main - 1 change detected
2026-06-16 18:06:02,526 - watchfiles.main - 1 change detected
2026-06-16 18:06:02,929 - watchfiles.main - 1 change detected
2026-06-16 18:06:03,331 - watchfiles.main - 1 change detected
2026-06-16 18:06:03,697 - watchfiles.main - 1 change detected
2026-06-16 18:06:04,105 - watchfiles.main - 1 change detected
2026-06-16 18:06:04,563 - watchfiles.main - 1 change detected
2026-06-16 18:06:04,965 - watchfiles.main - 1 change detected
2026-06-16 18:06:05,382 - watchfiles.main - 1 change detected
2026-06-16 18:06:05,799 - watchfiles.main - 1 change detected
2026-06-16 18:06:06,207 - watchfiles.main - 1 change detected
2026-06-16 18:06:06,621 - watchfiles.main - 1 change detected
2026-06-16 18:06:07,027 - watchfiles.main - 1 change detected
2026-06-16 18:06:07,431 - watchfiles.main - 1 change detected
2026-06-16 18:06:07,837 - watchfiles.main - 1 change detected
2026-06-16 18:06:08,259 - watchfiles.main - 1 change detected
2026-06-16 18:06:08,668 - watchfiles.main - 1 change detected
2026-06-16 18:06:09,075 - watchfiles.main - 1 change detected
2026-06-16 18:06:09,487 - watchfiles.main - 1 change detected
2026-06-16 18:06:09,891 - watchfiles.main - 1 change detected
2026-06-16 18:06:10,293 - watchfiles.main - 1 change detected
2026-06-16 18:06:10,699 - watchfiles.main - 1 change detected
2026-06-16 18:06:11,106 - watchfiles.main - 1 change detected
2026-06-16 18:06:11,515 - watchfiles.main - 1 change detected
2026-06-16 18:06:11,917 - watchfiles.main - 1 change detected
2026-06-16 18:06:12,325 - watchfiles.main - 1 change detected
2026-06-16 18:06:12,730 - watchfiles.main - 1 change detected
2026-06-16 18:06:13,136 - watchfiles.main - 1 change detected
2026-06-16 18:06:13,541 - watchfiles.main - 1 change detected
2026-06-16 18:06:13,943 - watchfiles.main - 1 change detected
2026-06-16 18:06:14,346 - watchfiles.main - 1 change detected
2026-06-16 18:06:14,750 - watchfiles.main - 1 change detected
2026-06-16 18:06:15,157 - watchfiles.main - 1 change detected
2026-06-16 18:06:15,573 - watchfiles.main - 1 change detected
2026-06-16 18:06:15,975 - watchfiles.main - 1 change detected
2026-06-16 18:06:16,387 - watchfiles.main - 1 change detected
2026-06-16 18:06:16,791 - watchfiles.main - 1 change detected
2026-06-16 18:06:17,261 - watchfiles.main - 1 change detected
2026-06-16 18:06:17,626 - watchfiles.main - 1 change detected
2026-06-16 18:06:18,040 - watchfiles.main - 1 change detected
2026-06-16 18:06:18,449 - watchfiles.main - 1 change detected
2026-06-16 18:06:18,853 - watchfiles.main - 1 change detected
2026-06-16 18:06:19,260 - watchfiles.main - 1 change detected
2026-06-16 18:06:19,665 - watchfiles.main - 1 change detected
2026-06-16 18:06:20,067 - watchfiles.main - 1 change detected
2026-06-16 18:06:20,482 - watchfiles.main - 1 change detected
2026-06-16 18:06:20,885 - watchfiles.main - 1 change detected
2026-06-16 18:06:21,287 - watchfiles.main - 1 change detected
2026-06-16 18:06:21,690 - watchfiles.main - 1 change detected
2026-06-16 18:06:22,092 - watchfiles.main - 1 change detected
2026-06-16 18:06:22,504 - watchfiles.main - 1 change detected
2026-06-16 18:06:22,922 - watchfiles.main - 1 change detected
2026-06-16 18:06:23,324 - watchfiles.main - 1 change detected
2026-06-16 18:06:23,727 - watchfiles.main - 1 change detected
2026-06-16 18:06:24,129 - watchfiles.main - 1 change detected
2026-06-16 18:06:24,534 - watchfiles.main - 1 change detected
2026-06-16 18:06:24,951 - watchfiles.main - 1 change detected
2026-06-16 18:06:25,354 - watchfiles.main - 1 change detected
2026-06-16 18:06:25,771 - watchfiles.main - 1 change detected
2026-06-16 18:06:26,174 - watchfiles.main - 1 change detected
2026-06-16 18:06:26,587 - watchfiles.main - 1 change detected
2026-06-16 18:06:26,991 - watchfiles.main - 1 change detected
2026-06-16 18:06:27,396 - watchfiles.main - 1 change detected
2026-06-16 18:06:27,798 - watchfiles.main - 1 change detected
2026-06-16 18:06:28,201 - watchfiles.main - 1 change detected
2026-06-16 18:06:28,607 - watchfiles.main - 1 change detected
2026-06-16 18:06:29,010 - watchfiles.main - 1 change detected
2026-06-16 18:06:29,416 - watchfiles.main - 1 change detected
2026-06-16 18:06:29,818 - watchfiles.main - 1 change detected
2026-06-16 18:06:30,221 - watchfiles.main - 1 change detected
2026-06-16 18:06:30,627 - watchfiles.main - 1 change detected
2026-06-16 18:06:31,029 - watchfiles.main - 1 change detected
2026-06-16 18:06:31,435 - watchfiles.main - 1 change detected
2026-06-16 18:06:31,837 - watchfiles.main - 1 change detected
2026-06-16 18:06:32,240 - watchfiles.main - 1 change detected
2026-06-16 18:06:32,644 - watchfiles.main - 1 change detected
2026-06-16 18:06:33,047 - watchfiles.main - 1 change detected
2026-06-16 18:06:33,453 - watchfiles.main - 1 change detected
2026-06-16 18:06:33,855 - watchfiles.main - 1 change detected
2026-06-16 18:06:34,257 - watchfiles.main - 1 change detected
2026-06-16 18:06:34,660 - watchfiles.main - 1 change detected
2026-06-16 18:06:35,063 - watchfiles.main - 1 change detected
2026-06-16 18:06:35,474 - watchfiles.main - 1 change detected
2026-06-16 18:06:35,877 - watchfiles.main - 1 change detected
2026-06-16 18:06:36,279 - watchfiles.main - 1 change detected
2026-06-16 18:06:36,682 - watchfiles.main - 1 change detected
2026-06-16 18:06:37,086 - watchfiles.main - 1 change detected
2026-06-16 18:06:37,498 - watchfiles.main - 1 change detected
2026-06-16 18:06:37,915 - watchfiles.main - 1 change detected
2026-06-16 18:06:38,318 - watchfiles.main - 1 change detected
2026-06-16 18:06:38,720 - watchfiles.main - 1 change detected
2026-06-16 18:06:39,123 - watchfiles.main - 1 change detected
2026-06-16 18:06:39,526 - watchfiles.main - 1 change detected
2026-06-16 18:06:39,929 - watchfiles.main - 1 change detected
2026-06-16 18:06:40,332 - watchfiles.main - 1 change detected
2026-06-16 18:06:40,735 - watchfiles.main - 1 change detected
2026-06-16 18:06:41,137 - watchfiles.main - 1 change detected
2026-06-16 18:06:41,544 - watchfiles.main - 1 change detected
2026-06-16 18:06:41,946 - watchfiles.main - 1 change detected
2026-06-16 18:06:42,348 - watchfiles.main - 1 change detected
2026-06-16 18:06:42,750 - watchfiles.main - 1 change detected
2026-06-16 18:06:43,153 - watchfiles.main - 1 change detected
2026-06-16 18:06:43,562 - watchfiles.main - 1 change detected
2026-06-16 18:06:43,964 - watchfiles.main - 1 change detected
2026-06-16 18:06:44,368 - watchfiles.main - 1 change detected
2026-06-16 18:06:44,771 - watchfiles.main - 1 change detected
2026-06-16 18:06:45,189 - watchfiles.main - 1 change detected
2026-06-16 18:06:45,600 - watchfiles.main - 1 change detected
2026-06-16 18:06:46,002 - watchfiles.main - 1 change detected
2026-06-16 18:06:46,405 - watchfiles.main - 1 change detected
2026-06-16 18:06:46,808 - watchfiles.main - 1 change detected
2026-06-16 18:06:47,210 - watchfiles.main - 1 change detected
2026-06-16 18:06:47,614 - watchfiles.main - 1 change detected
2026-06-16 18:06:48,016 - watchfiles.main - 1 change detected
2026-06-16 18:06:48,444 - watchfiles.main - 1 change detected
2026-06-16 18:06:48,847 - watchfiles.main - 1 change detected
2026-06-16 18:06:49,250 - watchfiles.main - 1 change detected
2026-06-16 18:06:49,665 - watchfiles.main - 1 change detected
2026-06-16 18:06:50,056 - watchfiles.main - 1 change detected
2026-06-16 18:06:50,468 - watchfiles.main - 1 change detected
2026-06-16 18:06:50,881 - watchfiles.main - 1 change detected
2026-06-16 18:06:51,284 - watchfiles.main - 1 change detected
2026-06-16 18:06:51,701 - watchfiles.main - 1 change detected
2026-06-16 18:06:52,115 - watchfiles.main - 1 change detected
2026-06-16 18:06:52,577 - watchfiles.main - 1 change detected
2026-06-16 18:06:52,987 - watchfiles.main - 1 change detected
2026-06-16 18:06:53,396 - watchfiles.main - 1 change detected
2026-06-16 18:06:53,809 - watchfiles.main - 1 change detected
2026-06-16 18:06:54,212 - watchfiles.main - 1 change detected
2026-06-16 18:06:54,566 - watchfiles.main - 1 change detected
2026-06-16 18:06:54,979 - watchfiles.main - 1 change detected
2026-06-16 18:06:55,401 - watchfiles.main - 1 change detected
2026-06-16 18:06:55,804 - watchfiles.main - 1 change detected
2026-06-16 18:06:56,214 - watchfiles.main - 1 change detected
2026-06-16 18:06:56,617 - watchfiles.main - 1 change detected
2026-06-16 18:06:57,032 - watchfiles.main - 1 change detected
2026-06-16 18:06:57,435 - watchfiles.main - 1 change detected
2026-06-16 18:06:57,852 - watchfiles.main - 1 change detected
2026-06-16 18:06:58,261 - watchfiles.main - 1 change detected
2026-06-16 18:06:58,664 - watchfiles.main - 1 change detected
2026-06-16 18:06:59,067 - watchfiles.main - 1 change detected
2026-06-16 18:06:59,472 - watchfiles.main - 1 change detected
2026-06-16 18:06:59,885 - watchfiles.main - 1 change detected
2026-06-16 18:07:00,294 - watchfiles.main - 1 change detected
2026-06-16 18:07:00,698 - watchfiles.main - 1 change detected
2026-06-16 18:07:01,115 - watchfiles.main - 1 change detected
2026-06-16 18:07:01,523 - watchfiles.main - 1 change detected
2026-06-16 18:07:01,940 - watchfiles.main - 1 change detected
2026-06-16 18:07:02,347 - watchfiles.main - 1 change detected
2026-06-16 18:07:02,759 - watchfiles.main - 1 change detected
2026-06-16 18:07:03,163 - watchfiles.main - 1 change detected
2026-06-16 18:07:03,566 - watchfiles.main - 1 change detected
2026-06-16 18:07:03,978 - watchfiles.main - 1 change detected
2026-06-16 18:07:04,383 - watchfiles.main - 1 change detected
2026-06-16 18:07:04,788 - watchfiles.main - 1 change detected
2026-06-16 18:07:05,195 - watchfiles.main - 1 change detected
2026-06-16 18:07:05,599 - watchfiles.main - 1 change detected
2026-06-16 18:07:06,002 - watchfiles.main - 1 change detected
2026-06-16 18:07:06,404 - watchfiles.main - 1 change detected
2026-06-16 18:07:06,820 - watchfiles.main - 1 change detected
2026-06-16 18:07:07,224 - watchfiles.main - 1 change detected
2026-06-16 18:07:07,632 - watchfiles.main - 1 change detected
2026-06-16 18:07:08,034 - watchfiles.main - 1 change detected
2026-06-16 18:07:08,436 - watchfiles.main - 1 change detected
2026-06-16 18:07:08,853 - watchfiles.main - 1 change detected
2026-06-16 18:07:09,261 - watchfiles.main - 1 change detected
2026-06-16 18:07:09,678 - watchfiles.main - 1 change detected
2026-06-16 18:07:10,090 - watchfiles.main - 1 change detected
2026-06-16 18:07:10,503 - watchfiles.main - 1 change detected
2026-06-16 18:07:10,907 - watchfiles.main - 1 change detected
2026-06-16 18:07:11,313 - watchfiles.main - 1 change detected
2026-06-16 18:07:11,726 - watchfiles.main - 1 change detected
2026-06-16 18:07:12,132 - watchfiles.main - 1 change detected
2026-06-16 18:07:12,538 - watchfiles.main - 1 change detected
2026-06-16 18:07:12,943 - watchfiles.main - 1 change detected
2026-06-16 18:07:13,351 - watchfiles.main - 1 change detected
2026-06-16 18:07:13,755 - watchfiles.main - 1 change detected
2026-06-16 18:07:14,163 - watchfiles.main - 1 change detected
2026-06-16 18:07:14,577 - watchfiles.main - 1 change detected
2026-06-16 18:07:14,979 - watchfiles.main - 1 change detected
2026-06-16 18:07:15,397 - watchfiles.main - 1 change detected
2026-06-16 18:07:15,802 - watchfiles.main - 1 change detected
2026-06-16 18:07:16,208 - watchfiles.main - 1 change detected
2026-06-16 18:07:16,614 - watchfiles.main - 1 change detected
2026-06-16 18:07:17,016 - watchfiles.main - 1 change detected
2026-06-16 18:07:17,418 - watchfiles.main - 1 change detected
2026-06-16 18:07:17,821 - watchfiles.main - 1 change detected
2026-06-16 18:07:18,229 - watchfiles.main - 1 change detected
2026-06-16 18:07:18,646 - watchfiles.main - 1 change detected
2026-06-16 18:07:19,048 - watchfiles.main - 1 change detected
2026-06-16 18:07:19,422 - watchfiles.main - 1 change detected
2026-06-16 18:07:19,828 - watchfiles.main - 1 change detected
2026-06-16 18:07:20,288 - watchfiles.main - 1 change detected
2026-06-16 18:07:20,692 - watchfiles.main - 1 change detected
2026-06-16 18:07:21,096 - watchfiles.main - 1 change detected
2026-06-16 18:07:21,502 - watchfiles.main - 1 change detected
2026-06-16 18:07:21,913 - watchfiles.main - 1 change detected
2026-06-16 18:07:22,317 - watchfiles.main - 1 change detected
2026-06-16 18:07:22,722 - watchfiles.main - 1 change detected
2026-06-16 18:07:23,129 - watchfiles.main - 1 change detected
2026-06-16 18:07:23,545 - watchfiles.main - 1 change detected
2026-06-16 18:07:23,947 - watchfiles.main - 1 change detected
2026-06-16 18:07:24,364 - watchfiles.main - 1 change detected
2026-06-16 18:07:24,770 - watchfiles.main - 1 change detected
2026-06-16 18:07:25,175 - watchfiles.main - 1 change detected
2026-06-16 18:07:25,587 - watchfiles.main - 1 change detected
2026-06-16 18:07:26,002 - watchfiles.main - 1 change detected
2026-06-16 18:07:26,409 - watchfiles.main - 1 change detected
2026-06-16 18:07:26,817 - watchfiles.main - 1 change detected
2026-06-16 18:07:27,228 - watchfiles.main - 1 change detected
2026-06-16 18:07:27,685 - watchfiles.main - 1 change detected
2026-06-16 18:07:28,044 - watchfiles.main - 1 change detected
2026-06-16 18:07:28,454 - watchfiles.main - 1 change detected
2026-06-16 18:07:28,859 - watchfiles.main - 1 change detected
2026-06-16 18:07:29,312 - watchfiles.main - 1 change detected
2026-06-16 18:07:29,721 - watchfiles.main - 1 change detected
2026-06-16 18:07:30,123 - watchfiles.main - 1 change detected
2026-06-16 18:07:30,530 - watchfiles.main - 1 change detected
2026-06-16 18:07:30,989 - watchfiles.main - 1 change detected
2026-06-16 18:07:31,395 - watchfiles.main - 1 change detected
2026-06-16 18:07:31,811 - watchfiles.main - 2 changes detected
2026-06-16 18:07:32,414 - watchfiles.main - 1 change detected
2026-06-16 18:07:32,776 - watchfiles.main - 1 change detected
2026-06-16 18:07:33,136 - watchfiles.main - 1 change detected
2026-06-16 18:07:33,492 - watchfiles.main - 1 change detected
2026-06-16 18:07:33,904 - watchfiles.main - 1 change detected
2026-06-16 18:07:34,274 - watchfiles.main - 1 change detected
2026-06-16 18:07:34,693 - watchfiles.main - 1 change detected
2026-06-16 18:07:35,122 - watchfiles.main - 1 change detected
2026-06-16 18:07:35,529 - watchfiles.main - 1 change detected
2026-06-16 18:07:35,887 - watchfiles.main - 1 change detected
2026-06-16 18:07:36,302 - watchfiles.main - 1 change detected
2026-06-16 18:07:36,764 - watchfiles.main - 1 change detected
2026-06-16 18:07:37,160 - watchfiles.main - 1 change detected
2026-06-16 18:07:37,584 - watchfiles.main - 1 change detected
2026-06-16 18:07:38,048 - watchfiles.main - 1 change detected
2026-06-16 18:07:38,468 - watchfiles.main - 1 change detected
2026-06-16 18:07:38,877 - watchfiles.main - 1 change detected
2026-06-16 18:07:39,295 - watchfiles.main - 1 change detected
2026-06-16 18:07:39,710 - watchfiles.main - 1 change detected
2026-06-16 18:07:40,128 - watchfiles.main - 2 changes detected
2026-06-16 18:08:05,770 - watchfiles.main - 7 changes detected
2026-06-16 18:08:10,875 - watchfiles.main - 1 change detected
2026-06-16 18:08:41,073 - watchfiles.main - 7 changes detected
2026-06-16 18:08:46,385 - watchfiles.main - 5 changes detected
2026-06-16 18:09:35,456 - watchfiles.main - 3 changes detected
2026-06-16 18:09:36,524 - easyocr.easyocr - Using CPU. Note: This module is much faster with a GPU.
2026-06-16 18:10:02,987 - easyocr.easyocr - Using CPU. Note: This module is much faster with a GPU.
2026-06-16 18:10:31,881 - google_genai.models - AFC is enabled with max remote calls: 10.
2026-06-16 18:10:34,888 - httpx - HTTP Request: POST https://generativelanguage.googleapis.com/v1beta/models/gemini-2.5-flash:generateContent "HTTP/1.1 503 Service Unavailable"
2026-06-16 18:13:07,809 - watchfiles.main - 1 change detected
2026-06-16 18:18:22,262 - watchfiles.main - 4 changes detected
2026-06-16 18:18:23,924 - easyocr.easyocr - Using CPU. Note: This module is much faster with a GPU.
2026-06-16 18:18:44,713 - easyocr.easyocr - Using CPU. Note: This module is much faster with a GPU.
2026-06-16 18:19:07,375 - google_genai.models - AFC is enabled with max remote calls: 10.
2026-06-16 18:19:25,767 - httpx - HTTP Request: POST https://generativelanguage.googleapis.com/v1beta/models/gemini-2.5-flash:generateContent "HTTP/1.1 200 OK"
2026-06-16 18:20:57,905 - watchfiles.main - 1 change detected
2026-06-16 18:26:44,701 - watchfiles.main - 1 change detected
2026-06-16 18:29:30,108 - watchfiles.main - 3 changes detected
2026-06-16 18:29:30,493 - watchfiles.main - 1 change detected
2026-06-16 18:29:30,877 - easyocr.easyocr - Using CPU. Note: This module is much faster with a GPU.
2026-06-16 18:29:57,259 - easyocr.easyocr - Using CPU. Note: This module is much faster with a GPU.
2026-06-16 18:30:19,273 - google_genai.models - AFC is enabled with max remote calls: 10.
2026-06-16 18:30:21,508 - httpx - HTTP Request: POST https://generativelanguage.googleapis.com/v1beta/models/gemini-2.5-flash:generateContent "HTTP/1.1 503 Service Unavailable"
2026-06-16 18:31:00,260 - watchfiles.main - 1 change detected
2026-06-16 18:33:59,964 - watchfiles.main - 3 changes detected
2026-06-16 18:34:00,625 - easyocr.easyocr - Using CPU. Note: This module is much faster with a GPU.
2026-06-16 18:34:27,288 - easyocr.easyocr - Using CPU. Note: This module is much faster with a GPU.
2026-06-16 18:34:47,602 - google_genai.models - AFC is enabled with max remote calls: 10.
2026-06-16 18:35:01,593 - httpx - HTTP Request: POST https://generativelanguage.googleapis.com/v1beta/models/gemini-2.5-flash:generateContent "HTTP/1.1 200 OK"
2026-06-16 18:37:41,882 - watchfiles.main - 1 change detected
2026-06-16 18:37:54,861 - watchfiles.main - 2 changes detected
2026-06-16 18:37:56,045 - watchfiles.main - 2 changes detected
2026-06-16 18:37:56,455 - watchfiles.main - 2 changes detected
2026-06-16 18:37:56,815 - watchfiles.main - 2 changes detected
2026-06-16 18:37:57,180 - watchfiles.main - 2 changes detected
2026-06-16 18:37:57,571 - watchfiles.main - 2 changes detected
2026-06-16 18:37:58,034 - watchfiles.main - 2 changes detected
2026-06-16 18:37:58,396 - watchfiles.main - 2 changes detected
2026-06-16 18:37:58,812 - watchfiles.main - 2 changes detected
2026-06-16 18:37:59,220 - watchfiles.main - 2 changes detected
2026-06-16 18:37:59,585 - watchfiles.main - 2 changes detected
2026-06-16 18:37:59,943 - watchfiles.main - 2 changes detected
2026-06-16 18:38:00,310 - watchfiles.main - 2 changes detected
2026-06-16 18:38:00,678 - watchfiles.main - 2 changes detected
2026-06-16 18:38:01,094 - watchfiles.main - 2 changes detected
2026-06-16 18:38:01,461 - watchfiles.main - 2 changes detected
2026-06-16 18:38:01,813 - watchfiles.main - 2 changes detected
2026-06-16 18:38:02,175 - watchfiles.main - 2 changes detected
2026-06-16 18:38:02,545 - watchfiles.main - 2 changes detected
2026-06-16 18:38:03,011 - watchfiles.main - 2 changes detected
2026-06-16 18:38:03,430 - watchfiles.main - 2 changes detected
2026-06-16 18:38:03,792 - watchfiles.main - 2 changes detected
2026-06-16 18:38:04,160 - watchfiles.main - 2 changes detected
2026-06-16 18:38:04,527 - watchfiles.main - 2 changes detected
2026-06-16 18:38:07,374 - watchfiles.main - 1 change detected
2026-06-16 18:38:07,737 - watchfiles.main - 1 change detected
2026-06-16 18:38:08,144 - watchfiles.main - 1 change detected
2026-06-16 18:38:08,517 - watchfiles.main - 1 change detected
2026-06-16 18:38:08,881 - watchfiles.main - 1 change detected
2026-06-16 18:38:09,400 - watchfiles.main - 1 change detected
2026-06-16 18:38:09,849 - watchfiles.main - 1 change detected
2026-06-16 18:38:10,447 - watchfiles.main - 1 change detected
2026-06-16 18:38:10,911 - watchfiles.main - 1 change detected
2026-06-16 18:38:11,268 - watchfiles.main - 1 change detected
2026-06-16 18:38:11,636 - watchfiles.main - 1 change detected
2026-06-16 18:38:11,992 - watchfiles.main - 1 change detected
2026-06-16 18:38:12,356 - watchfiles.main - 1 change detected
2026-06-16 18:38:12,725 - watchfiles.main - 1 change detected
2026-06-16 18:38:13,089 - watchfiles.main - 1 change detected
2026-06-16 18:38:13,452 - watchfiles.main - 1 change detected
2026-06-16 18:38:13,809 - watchfiles.main - 1 change detected
2026-06-16 18:38:14,224 - watchfiles.main - 1 change detected
2026-06-16 18:38:14,683 - watchfiles.main - 1 change detected
2026-06-16 18:38:15,094 - watchfiles.main - 1 change detected
2026-06-16 19:21:54,365 - watchfiles.main - 3 changes detected
2026-06-16 19:21:55,129 - watchfiles.main - 1 change detected
2026-06-16 19:21:55,221 - easyocr.easyocr - Using CPU. Note: This module is much faster with a GPU.
2026-06-16 19:22:24,376 - easyocr.easyocr - Using CPU. Note: This module is much faster with a GPU.
2026-06-16 19:22:43,805 - google_genai.models - AFC is enabled with max remote calls: 10.
2026-06-16 19:23:08,582 - sentence_transformers.base.model - No device provided, using cpu
2026-06-16 19:23:08,620 - sentence_transformers.base.model - Loading SentenceTransformer model from sentence-transformers/all-MiniLM-L6-v2.
2026-06-16 19:23:08,834 - huggingface_hub.utils._http - '[Errno 11001] getaddrinfo failed' thrown while requesting HEAD https://huggingface.co/sentence-transformers/all-MiniLM-L6-v2/resolve/main/adapter_config.json
2026-06-16 19:23:08,835 - huggingface_hub.utils._http - Retrying in 1s [Retry 1/5].
2026-06-16 19:23:09,841 - services.kyc_vector_service - Failed to initialize HuggingFaceEmbeddings: Cannot send a request, as the client has been closed.
2026-06-16 20:49:09,087 - watchfiles.main - 3 changes detected
2026-06-16 20:49:09,577 - watchfiles.main - 1 change detected
2026-06-16 20:49:10,000 - watchfiles.main - 1 change detected
2026-06-16 20:49:10,168 - easyocr.easyocr - Using CPU. Note: This module is much faster with a GPU.
2026-06-16 20:49:42,976 - easyocr.easyocr - Using CPU. Note: This module is much faster with a GPU.
2026-06-16 20:50:10,508 - google_genai.models - AFC is enabled with max remote calls: 10.
2026-06-16 20:50:20,010 - httpx - HTTP Request: POST https://generativelanguage.googleapis.com/v1beta/models/gemini-2.5-flash:generateContent "HTTP/1.1 200 OK"
2026-06-16 20:50:35,856 - sentence_transformers.base.model - No device provided, using cpu
2026-06-16 20:50:37,236 - httpx - HTTP Request: HEAD https://huggingface.co/sentence-transformers/all-MiniLM-L6-v2/resolve/main/modules.json "HTTP/1.1 307 Temporary Redirect"
2026-06-16 20:50:37,236 - huggingface_hub.utils._http - Warning: You are sending unauthenticated requests to the HF Hub. Please set a HF_TOKEN to enable higher rate limits and faster downloads.
2026-06-16 20:50:37,557 - httpx - HTTP Request: HEAD https://huggingface.co/api/resolve-cache/models/sentence-transformers/all-MiniLM-L6-v2/1110a243fdf4706b3f48f1d95db1a4f5529b4d41/modules.json "HTTP/1.1 200 OK"
2026-06-16 20:50:37,915 - httpx - HTTP Request: HEAD https://huggingface.co/sentence-transformers/all-MiniLM-L6-v2/resolve/main/config_sentence_transformers.json "HTTP/1.1 307 Temporary Redirect"
2026-06-16 20:50:38,037 - httpx - HTTP Request: HEAD https://huggingface.co/api/resolve-cache/models/sentence-transformers/all-MiniLM-L6-v2/1110a243fdf4706b3f48f1d95db1a4f5529b4d41/config_sentence_transformers.json "HTTP/1.1 200 OK"
2026-06-16 20:50:38,050 - sentence_transformers.base.model - Loading SentenceTransformer model from sentence-transformers/all-MiniLM-L6-v2.
2026-06-16 20:50:38,513 - httpx - HTTP Request: HEAD https://huggingface.co/sentence-transformers/all-MiniLM-L6-v2/resolve/main/config_sentence_transformers.json "HTTP/1.1 307 Temporary Redirect"
2026-06-16 20:50:38,836 - httpx - HTTP Request: HEAD https://huggingface.co/api/resolve-cache/models/sentence-transformers/all-MiniLM-L6-v2/1110a243fdf4706b3f48f1d95db1a4f5529b4d41/config_sentence_transformers.json "HTTP/1.1 200 OK"
2026-06-16 20:50:39,168 - httpx - HTTP Request: HEAD https://huggingface.co/sentence-transformers/all-MiniLM-L6-v2/resolve/main/README.md "HTTP/1.1 307 Temporary Redirect"
2026-06-16 20:50:39,305 - httpx - HTTP Request: HEAD https://huggingface.co/api/resolve-cache/models/sentence-transformers/all-MiniLM-L6-v2/1110a243fdf4706b3f48f1d95db1a4f5529b4d41/README.md "HTTP/1.1 200 OK"
2026-06-16 20:50:39,717 - httpx - HTTP Request: HEAD https://huggingface.co/sentence-transformers/all-MiniLM-L6-v2/resolve/main/modules.json "HTTP/1.1 307 Temporary Redirect"
2026-06-16 20:50:39,941 - httpx - HTTP Request: HEAD https://huggingface.co/api/resolve-cache/models/sentence-transformers/all-MiniLM-L6-v2/1110a243fdf4706b3f48f1d95db1a4f5529b4d41/modules.json "HTTP/1.1 200 OK"
2026-06-16 20:50:40,330 - httpx - HTTP Request: HEAD https://huggingface.co/sentence-transformers/all-MiniLM-L6-v2/resolve/main/sentence_bert_config.json "HTTP/1.1 307 Temporary Redirect"
2026-06-16 20:50:40,592 - httpx - HTTP Request: HEAD https://huggingface.co/api/resolve-cache/models/sentence-transformers/all-MiniLM-L6-v2/1110a243fdf4706b3f48f1d95db1a4f5529b4d41/sentence_bert_config.json "HTTP/1.1 200 OK"
2026-06-16 20:50:41,234 - httpx - HTTP Request: HEAD https://huggingface.co/sentence-transformers/all-MiniLM-L6-v2/resolve/main/adapter_config.json "HTTP/1.1 404 Not Found"
2026-06-16 20:50:41,712 - httpx - HTTP Request: HEAD https://huggingface.co/sentence-transformers/all-MiniLM-L6-v2/resolve/main/config.json "HTTP/1.1 307 Temporary Redirect"
2026-06-16 20:50:42,025 - httpx - HTTP Request: HEAD https://huggingface.co/api/resolve-cache/models/sentence-transformers/all-MiniLM-L6-v2/1110a243fdf4706b3f48f1d95db1a4f5529b4d41/config.json "HTTP/1.1 200 OK"
2026-06-16 20:50:44,274 - httpx - HTTP Request: HEAD https://huggingface.co/sentence-transformers/all-MiniLM-L6-v2/resolve/main/processor_config.json "HTTP/1.1 404 Not Found"
2026-06-16 20:50:44,796 - httpx - HTTP Request: HEAD https://huggingface.co/sentence-transformers/all-MiniLM-L6-v2/resolve/main/preprocessor_config.json "HTTP/1.1 404 Not Found"
2026-06-16 20:50:45,392 - httpx - HTTP Request: HEAD https://huggingface.co/sentence-transformers/all-MiniLM-L6-v2/resolve/main/video_preprocessor_config.json "HTTP/1.1 404 Not Found"
2026-06-16 20:50:45,947 - httpx - HTTP Request: HEAD https://huggingface.co/sentence-transformers/all-MiniLM-L6-v2/resolve/main/preprocessor_config.json "HTTP/1.1 404 Not Found"
2026-06-16 20:50:46,512 - httpx - HTTP Request: HEAD https://huggingface.co/sentence-transformers/all-MiniLM-L6-v2/resolve/main/tokenizer_config.json "HTTP/1.1 307 Temporary Redirect"
2026-06-16 20:50:46,837 - httpx - HTTP Request: HEAD https://huggingface.co/api/resolve-cache/models/sentence-transformers/all-MiniLM-L6-v2/1110a243fdf4706b3f48f1d95db1a4f5529b4d41/tokenizer_config.json "HTTP/1.1 200 OK"
2026-06-16 20:50:47,491 - httpx - HTTP Request: HEAD https://huggingface.co/sentence-transformers/all-MiniLM-L6-v2/resolve/main/config.json "HTTP/1.1 307 Temporary Redirect"
2026-06-16 20:50:47,805 - httpx - HTTP Request: HEAD https://huggingface.co/api/resolve-cache/models/sentence-transformers/all-MiniLM-L6-v2/1110a243fdf4706b3f48f1d95db1a4f5529b4d41/config.json "HTTP/1.1 200 OK"
2026-06-16 20:50:48,350 - httpx - HTTP Request: HEAD https://huggingface.co/sentence-transformers/all-MiniLM-L6-v2/resolve/main/config.json "HTTP/1.1 307 Temporary Redirect"
2026-06-16 20:50:48,595 - httpx - HTTP Request: HEAD https://huggingface.co/api/resolve-cache/models/sentence-transformers/all-MiniLM-L6-v2/1110a243fdf4706b3f48f1d95db1a4f5529b4d41/config.json "HTTP/1.1 200 OK"
2026-06-16 20:50:49,231 - httpx - HTTP Request: HEAD https://huggingface.co/sentence-transformers/all-MiniLM-L6-v2/resolve/main/tokenizer_config.json "HTTP/1.1 307 Temporary Redirect"
2026-06-16 20:50:49,561 - httpx - HTTP Request: HEAD https://huggingface.co/api/resolve-cache/models/sentence-transformers/all-MiniLM-L6-v2/1110a243fdf4706b3f48f1d95db1a4f5529b4d41/tokenizer_config.json "HTTP/1.1 200 OK"
2026-06-16 20:50:50,031 - httpx - HTTP Request: GET https://huggingface.co/api/models/sentence-transformers/all-MiniLM-L6-v2/tree/main/additional_chat_templates?recursive=false&expand=false "HTTP/1.1 404 Not Found"
2026-06-16 20:50:50,520 - httpx - HTTP Request: GET https://huggingface.co/api/models/sentence-transformers/all-MiniLM-L6-v2/tree/main?recursive=true&expand=false "HTTP/1.1 200 OK"
2026-06-16 20:50:51,314 - httpx - HTTP Request: HEAD https://huggingface.co/sentence-transformers/all-MiniLM-L6-v2/resolve/main/1_Pooling/config.json "HTTP/1.1 307 Temporary Redirect"
2026-06-16 20:50:51,631 - httpx - HTTP Request: HEAD https://huggingface.co/api/resolve-cache/models/sentence-transformers/all-MiniLM-L6-v2/1110a243fdf4706b3f48f1d95db1a4f5529b4d41/1_Pooling%2Fconfig.json "HTTP/1.1 200 OK"
2026-06-16 20:50:52,138 - httpx - HTTP Request: GET https://huggingface.co/api/models/sentence-transformers/all-MiniLM-L6-v2 "HTTP/1.1 200 OK"
2026-06-16 20:50:52,163 - services.kyc_vector_service - Successfully initialized embedding model: sentence-transformers/all-MiniLM-L6-v2
2026-06-16 20:50:54,935 - watchfiles.main - 3 changes detected
2026-06-16 20:50:54,948 - services.kyc_vector_service - Failed to initialize Chroma vector store: Validation error: name: Expected a name containing 3-512 characters from [a-zA-Z0-9._-], starting and ending with a character in [a-zA-Z0-9]. Got: PURUSHOTTAM PATIDAR_adverse_collection
2026-06-16 20:51:38,849 - watchfiles.main - 1 change detected
2026-06-16 21:03:18,447 - watchfiles.main - 3 changes detected
2026-06-16 21:03:44,091 - watchfiles.main - 9 changes detected
2026-06-16 21:05:40,252 - watchfiles.main - 3 changes detected
2026-06-16 21:05:40,690 - easyocr.easyocr - Using CPU. Note: This module is much faster with a GPU.
2026-06-16 21:05:41,038 - watchfiles.main - 1 change detected
2026-06-16 21:06:02,960 - easyocr.easyocr - Using CPU. Note: This module is much faster with a GPU.
2026-06-16 21:06:21,813 - watchfiles.main - 1 change detected
2026-06-16 21:06:30,693 - google_genai.models - AFC is enabled with max remote calls: 10.
2026-06-16 21:06:32,991 - httpx - HTTP Request: POST https://generativelanguage.googleapis.com/v1beta/models/gemini-2.5-flash:generateContent "HTTP/1.1 403 Forbidden"
2026-06-16 21:06:44,314 - sentence_transformers.base.model - No device provided, using cpu
2026-06-16 21:06:45,576 - httpx - HTTP Request: HEAD https://huggingface.co/sentence-transformers/all-MiniLM-L6-v2/resolve/main/modules.json "HTTP/1.1 307 Temporary Redirect"
2026-06-16 21:06:46,137 - httpx - HTTP Request: HEAD https://huggingface.co/api/resolve-cache/models/sentence-transformers/all-MiniLM-L6-v2/1110a243fdf4706b3f48f1d95db1a4f5529b4d41/modules.json "HTTP/1.1 200 OK"
2026-06-16 21:06:46,619 - httpx - HTTP Request: HEAD https://huggingface.co/sentence-transformers/all-MiniLM-L6-v2/resolve/main/config_sentence_transformers.json "HTTP/1.1 307 Temporary Redirect"
2026-06-16 21:06:47,126 - httpx - HTTP Request: HEAD https://huggingface.co/api/resolve-cache/models/sentence-transformers/all-MiniLM-L6-v2/1110a243fdf4706b3f48f1d95db1a4f5529b4d41/config_sentence_transformers.json "HTTP/1.1 200 OK"
2026-06-16 21:06:47,145 - sentence_transformers.base.model - Loading SentenceTransformer model from sentence-transformers/all-MiniLM-L6-v2.
2026-06-16 21:06:47,620 - httpx - HTTP Request: HEAD https://huggingface.co/sentence-transformers/all-MiniLM-L6-v2/resolve/main/config_sentence_transformers.json "HTTP/1.1 307 Temporary Redirect"
2026-06-16 21:06:48,611 - httpx - HTTP Request: HEAD https://huggingface.co/api/resolve-cache/models/sentence-transformers/all-MiniLM-L6-v2/1110a243fdf4706b3f48f1d95db1a4f5529b4d41/config_sentence_transformers.json "HTTP/1.1 200 OK"
2026-06-16 21:06:49,097 - httpx - HTTP Request: HEAD https://huggingface.co/sentence-transformers/all-MiniLM-L6-v2/resolve/main/README.md "HTTP/1.1 307 Temporary Redirect"
2026-06-16 21:06:49,570 - httpx - HTTP Request: HEAD https://huggingface.co/api/resolve-cache/models/sentence-transformers/all-MiniLM-L6-v2/1110a243fdf4706b3f48f1d95db1a4f5529b4d41/README.md "HTTP/1.1 200 OK"
2026-06-16 21:06:50,901 - httpx - HTTP Request: HEAD https://huggingface.co/sentence-transformers/all-MiniLM-L6-v2/resolve/main/modules.json "HTTP/1.1 307 Temporary Redirect"
2026-06-16 21:06:51,133 - httpx - HTTP Request: HEAD https://huggingface.co/api/resolve-cache/models/sentence-transformers/all-MiniLM-L6-v2/1110a243fdf4706b3f48f1d95db1a4f5529b4d41/modules.json "HTTP/1.1 200 OK"
2026-06-16 21:06:51,662 - httpx - HTTP Request: HEAD https://huggingface.co/sentence-transformers/all-MiniLM-L6-v2/resolve/main/sentence_bert_config.json "HTTP/1.1 307 Temporary Redirect"
2026-06-16 21:06:52,090 - httpx - HTTP Request: HEAD https://huggingface.co/api/resolve-cache/models/sentence-transformers/all-MiniLM-L6-v2/1110a243fdf4706b3f48f1d95db1a4f5529b4d41/sentence_bert_config.json "HTTP/1.1 200 OK"
2026-06-16 21:06:52,577 - httpx - HTTP Request: HEAD https://huggingface.co/sentence-transformers/all-MiniLM-L6-v2/resolve/main/adapter_config.json "HTTP/1.1 404 Not Found"
2026-06-16 21:06:53,105 - httpx - HTTP Request: HEAD https://huggingface.co/sentence-transformers/all-MiniLM-L6-v2/resolve/main/config.json "HTTP/1.1 307 Temporary Redirect"
2026-06-16 21:06:53,598 - httpx - HTTP Request: HEAD https://huggingface.co/api/resolve-cache/models/sentence-transformers/all-MiniLM-L6-v2/1110a243fdf4706b3f48f1d95db1a4f5529b4d41/config.json "HTTP/1.1 200 OK"
2026-06-16 21:06:54,661 - httpx - HTTP Request: HEAD https://huggingface.co/sentence-transformers/all-MiniLM-L6-v2/resolve/main/processor_config.json "HTTP/1.1 404 Not Found"
2026-06-16 21:06:55,201 - httpx - HTTP Request: HEAD https://huggingface.co/sentence-transformers/all-MiniLM-L6-v2/resolve/main/preprocessor_config.json "HTTP/1.1 404 Not Found"
2026-06-16 21:06:55,656 - httpx - HTTP Request: HEAD https://huggingface.co/sentence-transformers/all-MiniLM-L6-v2/resolve/main/video_preprocessor_config.json "HTTP/1.1 404 Not Found"
2026-06-16 21:06:56,116 - httpx - HTTP Request: HEAD https://huggingface.co/sentence-transformers/all-MiniLM-L6-v2/resolve/main/preprocessor_config.json "HTTP/1.1 404 Not Found"
2026-06-16 21:06:56,628 - httpx - HTTP Request: HEAD https://huggingface.co/sentence-transformers/all-MiniLM-L6-v2/resolve/main/tokenizer_config.json "HTTP/1.1 307 Temporary Redirect"
2026-06-16 21:06:57,346 - httpx - HTTP Request: HEAD https://huggingface.co/api/resolve-cache/models/sentence-transformers/all-MiniLM-L6-v2/1110a243fdf4706b3f48f1d95db1a4f5529b4d41/tokenizer_config.json "HTTP/1.1 200 OK"
2026-06-16 21:06:57,855 - httpx - HTTP Request: HEAD https://huggingface.co/sentence-transformers/all-MiniLM-L6-v2/resolve/main/config.json "HTTP/1.1 307 Temporary Redirect"
2026-06-16 21:06:58,177 - httpx - HTTP Request: HEAD https://huggingface.co/api/resolve-cache/models/sentence-transformers/all-MiniLM-L6-v2/1110a243fdf4706b3f48f1d95db1a4f5529b4d41/config.json "HTTP/1.1 200 OK"
2026-06-16 21:06:58,719 - httpx - HTTP Request: HEAD https://huggingface.co/sentence-transformers/all-MiniLM-L6-v2/resolve/main/config.json "HTTP/1.1 307 Temporary Redirect"
2026-06-16 21:06:59,025 - httpx - HTTP Request: HEAD https://huggingface.co/api/resolve-cache/models/sentence-transformers/all-MiniLM-L6-v2/1110a243fdf4706b3f48f1d95db1a4f5529b4d41/config.json "HTTP/1.1 200 OK"
2026-06-16 21:06:59,538 - httpx - HTTP Request: HEAD https://huggingface.co/sentence-transformers/all-MiniLM-L6-v2/resolve/main/tokenizer_config.json "HTTP/1.1 307 Temporary Redirect"
2026-06-16 21:06:59,904 - httpx - HTTP Request: HEAD https://huggingface.co/api/resolve-cache/models/sentence-transformers/all-MiniLM-L6-v2/1110a243fdf4706b3f48f1d95db1a4f5529b4d41/tokenizer_config.json "HTTP/1.1 200 OK"
2026-06-16 21:07:00,412 - httpx - HTTP Request: GET https://huggingface.co/api/models/sentence-transformers/all-MiniLM-L6-v2/tree/main/additional_chat_templates?recursive=false&expand=false "HTTP/1.1 404 Not Found"
2026-06-16 21:07:00,928 - httpx - HTTP Request: GET https://huggingface.co/api/models/sentence-transformers/all-MiniLM-L6-v2/tree/main?recursive=true&expand=false "HTTP/1.1 200 OK"
2026-06-16 21:07:01,646 - httpx - HTTP Request: HEAD https://huggingface.co/sentence-transformers/all-MiniLM-L6-v2/resolve/main/1_Pooling/config.json "HTTP/1.1 307 Temporary Redirect"
2026-06-16 21:07:02,149 - httpx - HTTP Request: HEAD https://huggingface.co/api/resolve-cache/models/sentence-transformers/all-MiniLM-L6-v2/1110a243fdf4706b3f48f1d95db1a4f5529b4d41/1_Pooling%2Fconfig.json "HTTP/1.1 200 OK"
2026-06-16 21:07:02,772 - httpx - HTTP Request: GET https://huggingface.co/api/models/sentence-transformers/all-MiniLM-L6-v2 "HTTP/1.1 200 OK"
2026-06-16 21:07:02,791 - services.kyc_vector_service - Successfully initialized embedding model: sentence-transformers/all-MiniLM-L6-v2
2026-06-16 21:07:03,143 - watchfiles.main - 3 changes detected
2026-06-16 21:07:03,216 - services.kyc_vector_service - Connected to Chroma collection: 'adverse_collection' at './chroma_db'
2026-06-16 21:07:03,513 - watchfiles.main - 4 changes detected
2026-06-16 21:07:03,794 - google_genai.models - AFC is enabled with max remote calls: 10.
2026-06-16 21:07:07,539 - httpx - HTTP Request: POST https://generativelanguage.googleapis.com/v1beta/models/gemini-2.5-flash:generateContent "HTTP/1.1 403 Forbidden"
2026-06-16 21:11:17,408 - watchfiles.main - 1 change detected
2026-06-16 21:11:37,490 - watchfiles.main - 2 changes detected
2026-06-16 21:11:57,788 - watchfiles.main - 5 changes detected
2026-06-16 21:12:28,335 - watchfiles.main - 3 changes detected
2026-06-16 21:12:28,782 - easyocr.easyocr - Using CPU. Note: This module is much faster with a GPU.
2026-06-16 21:13:07,845 - easyocr.easyocr - Using CPU. Note: This module is much faster with a GPU.
2026-06-16 21:13:30,234 - google_genai.models - AFC is enabled with max remote calls: 10.
2026-06-16 21:13:31,824 - httpx - HTTP Request: POST https://generativelanguage.googleapis.com/v1beta/models/gemini-2.5-flash:generateContent "HTTP/1.1 403 Forbidden"
2026-06-16 21:13:45,442 - sentence_transformers.base.model - No device provided, using cpu
2026-06-16 21:13:47,888 - httpx - HTTP Request: HEAD https://huggingface.co/sentence-transformers/all-MiniLM-L6-v2/resolve/main/modules.json "HTTP/1.1 307 Temporary Redirect"
2026-06-16 21:13:48,175 - httpx - HTTP Request: HEAD https://huggingface.co/api/resolve-cache/models/sentence-transformers/all-MiniLM-L6-v2/1110a243fdf4706b3f48f1d95db1a4f5529b4d41/modules.json "HTTP/1.1 200 OK"
2026-06-16 21:13:48,688 - httpx - HTTP Request: HEAD https://huggingface.co/sentence-transformers/all-MiniLM-L6-v2/resolve/main/config_sentence_transformers.json "HTTP/1.1 307 Temporary Redirect"
2026-06-16 21:13:48,915 - httpx - HTTP Request: HEAD https://huggingface.co/api/resolve-cache/models/sentence-transformers/all-MiniLM-L6-v2/1110a243fdf4706b3f48f1d95db1a4f5529b4d41/config_sentence_transformers.json "HTTP/1.1 200 OK"
2026-06-16 21:13:48,932 - sentence_transformers.base.model - Loading SentenceTransformer model from sentence-transformers/all-MiniLM-L6-v2.
2026-06-16 21:13:49,404 - httpx - HTTP Request: HEAD https://huggingface.co/sentence-transformers/all-MiniLM-L6-v2/resolve/main/config_sentence_transformers.json "HTTP/1.1 307 Temporary Redirect"
2026-06-16 21:13:49,607 - httpx - HTTP Request: HEAD https://huggingface.co/api/resolve-cache/models/sentence-transformers/all-MiniLM-L6-v2/1110a243fdf4706b3f48f1d95db1a4f5529b4d41/config_sentence_transformers.json "HTTP/1.1 200 OK"
2026-06-16 21:13:50,017 - httpx - HTTP Request: HEAD https://huggingface.co/sentence-transformers/all-MiniLM-L6-v2/resolve/main/README.md "HTTP/1.1 307 Temporary Redirect"
2026-06-16 21:13:50,213 - httpx - HTTP Request: HEAD https://huggingface.co/api/resolve-cache/models/sentence-transformers/all-MiniLM-L6-v2/1110a243fdf4706b3f48f1d95db1a4f5529b4d41/README.md "HTTP/1.1 200 OK"
2026-06-16 21:13:50,631 - httpx - HTTP Request: HEAD https://huggingface.co/sentence-transformers/all-MiniLM-L6-v2/resolve/main/modules.json "HTTP/1.1 307 Temporary Redirect"
2026-06-16 21:13:50,753 - httpx - HTTP Request: HEAD https://huggingface.co/api/resolve-cache/models/sentence-transformers/all-MiniLM-L6-v2/1110a243fdf4706b3f48f1d95db1a4f5529b4d41/modules.json "HTTP/1.1 200 OK"
2026-06-16 21:13:51,172 - httpx - HTTP Request: HEAD https://huggingface.co/sentence-transformers/all-MiniLM-L6-v2/resolve/main/sentence_bert_config.json "HTTP/1.1 307 Temporary Redirect"
2026-06-16 21:13:51,341 - httpx - HTTP Request: HEAD https://huggingface.co/api/resolve-cache/models/sentence-transformers/all-MiniLM-L6-v2/1110a243fdf4706b3f48f1d95db1a4f5529b4d41/sentence_bert_config.json "HTTP/1.1 200 OK"
2026-06-16 21:13:51,671 - httpx - HTTP Request: HEAD https://huggingface.co/sentence-transformers/all-MiniLM-L6-v2/resolve/main/adapter_config.json "HTTP/1.1 404 Not Found"
2026-06-16 21:13:52,094 - httpx - HTTP Request: HEAD https://huggingface.co/sentence-transformers/all-MiniLM-L6-v2/resolve/main/config.json "HTTP/1.1 307 Temporary Redirect"
2026-06-16 21:13:52,332 - httpx - HTTP Request: HEAD https://huggingface.co/api/resolve-cache/models/sentence-transformers/all-MiniLM-L6-v2/1110a243fdf4706b3f48f1d95db1a4f5529b4d41/config.json "HTTP/1.1 200 OK"
2026-06-16 21:13:53,254 - httpx - HTTP Request: HEAD https://huggingface.co/sentence-transformers/all-MiniLM-L6-v2/resolve/main/processor_config.json "HTTP/1.1 404 Not Found"
2026-06-16 21:13:53,774 - httpx - HTTP Request: HEAD https://huggingface.co/sentence-transformers/all-MiniLM-L6-v2/resolve/main/preprocessor_config.json "HTTP/1.1 404 Not Found"
2026-06-16 21:13:54,176 - httpx - HTTP Request: HEAD https://huggingface.co/sentence-transformers/all-MiniLM-L6-v2/resolve/main/video_preprocessor_config.json "HTTP/1.1 404 Not Found"
2026-06-16 21:13:54,529 - httpx - HTTP Request: HEAD https://huggingface.co/sentence-transformers/all-MiniLM-L6-v2/resolve/main/preprocessor_config.json "HTTP/1.1 404 Not Found"
2026-06-16 21:13:54,855 - httpx - HTTP Request: HEAD https://huggingface.co/sentence-transformers/all-MiniLM-L6-v2/resolve/main/tokenizer_config.json "HTTP/1.1 307 Temporary Redirect"
2026-06-16 21:13:54,932 - httpx - HTTP Request: HEAD https://huggingface.co/api/resolve-cache/models/sentence-transformers/all-MiniLM-L6-v2/1110a243fdf4706b3f48f1d95db1a4f5529b4d41/tokenizer_config.json "HTTP/1.1 200 OK"
2026-06-16 21:13:55,423 - httpx - HTTP Request: HEAD https://huggingface.co/sentence-transformers/all-MiniLM-L6-v2/resolve/main/config.json "HTTP/1.1 307 Temporary Redirect"
2026-06-16 21:13:55,661 - httpx - HTTP Request: HEAD https://huggingface.co/api/resolve-cache/models/sentence-transformers/all-MiniLM-L6-v2/1110a243fdf4706b3f48f1d95db1a4f5529b4d41/config.json "HTTP/1.1 200 OK"
2026-06-16 21:13:56,175 - httpx - HTTP Request: HEAD https://huggingface.co/sentence-transformers/all-MiniLM-L6-v2/resolve/main/config.json "HTTP/1.1 307 Temporary Redirect"
2026-06-16 21:13:56,294 - httpx - HTTP Request: HEAD https://huggingface.co/api/resolve-cache/models/sentence-transformers/all-MiniLM-L6-v2/1110a243fdf4706b3f48f1d95db1a4f5529b4d41/config.json "HTTP/1.1 200 OK"
2026-06-16 21:13:56,695 - httpx - HTTP Request: HEAD https://huggingface.co/sentence-transformers/all-MiniLM-L6-v2/resolve/main/tokenizer_config.json "HTTP/1.1 307 Temporary Redirect"
2026-06-16 21:13:56,857 - httpx - HTTP Request: HEAD https://huggingface.co/api/resolve-cache/models/sentence-transformers/all-MiniLM-L6-v2/1110a243fdf4706b3f48f1d95db1a4f5529b4d41/tokenizer_config.json "HTTP/1.1 200 OK"
2026-06-16 21:13:57,299 - httpx - HTTP Request: GET https://huggingface.co/api/models/sentence-transformers/all-MiniLM-L6-v2/tree/main/additional_chat_templates?recursive=false&expand=false "HTTP/1.1 404 Not Found"
2026-06-16 21:13:57,664 - httpx - HTTP Request: GET https://huggingface.co/api/models/sentence-transformers/all-MiniLM-L6-v2/tree/main?recursive=true&expand=false "HTTP/1.1 200 OK"
2026-06-16 21:13:58,376 - httpx - HTTP Request: HEAD https://huggingface.co/sentence-transformers/all-MiniLM-L6-v2/resolve/main/1_Pooling/config.json "HTTP/1.1 307 Temporary Redirect"
2026-06-16 21:13:58,610 - httpx - HTTP Request: HEAD https://huggingface.co/api/resolve-cache/models/sentence-transformers/all-MiniLM-L6-v2/1110a243fdf4706b3f48f1d95db1a4f5529b4d41/1_Pooling%2Fconfig.json "HTTP/1.1 200 OK"
2026-06-16 21:13:58,975 - httpx - HTTP Request: GET https://huggingface.co/api/models/sentence-transformers/all-MiniLM-L6-v2 "HTTP/1.1 200 OK"
2026-06-16 21:13:58,993 - services.kyc_vector_service - Successfully initialized embedding model: sentence-transformers/all-MiniLM-L6-v2
2026-06-16 21:13:59,323 - watchfiles.main - 1 change detected
2026-06-16 21:13:59,502 - services.kyc_vector_service - Connected to Chroma collection: 'adverse_collection' at './chroma_db'
2026-06-16 21:13:59,710 - watchfiles.main - 3 changes detected
2026-06-16 21:14:00,073 - google_genai.models - AFC is enabled with max remote calls: 10.
2026-06-16 21:14:01,228 - httpx - HTTP Request: POST https://generativelanguage.googleapis.com/v1beta/models/gemini-2.5-flash:generateContent "HTTP/1.1 403 Forbidden"
2026-06-16 21:14:50,858 - watchfiles.main - 1 change detected
2026-06-16 21:23:22,548 - watchfiles.main - 4 changes detected
2026-06-16 21:23:22,944 - easyocr.easyocr - Using CPU. Note: This module is much faster with a GPU.
2026-06-16 21:23:46,825 - easyocr.easyocr - Using CPU. Note: This module is much faster with a GPU.
2026-06-16 21:24:07,971 - google_genai.models - AFC is enabled with max remote calls: 10.
2026-06-16 21:24:09,786 - httpx - HTTP Request: POST https://generativelanguage.googleapis.com/v1beta/models/gemini-2.5-flash:generateContent "HTTP/1.1 403 Forbidden"
2026-06-16 21:24:26,798 - sentence_transformers.base.model - No device provided, using cpu
2026-06-16 21:24:28,389 - httpx - HTTP Request: HEAD https://huggingface.co/sentence-transformers/all-MiniLM-L6-v2/resolve/main/modules.json "HTTP/1.1 307 Temporary Redirect"
2026-06-16 21:24:28,705 - httpx - HTTP Request: HEAD https://huggingface.co/api/resolve-cache/models/sentence-transformers/all-MiniLM-L6-v2/1110a243fdf4706b3f48f1d95db1a4f5529b4d41/modules.json "HTTP/1.1 200 OK"
2026-06-16 21:24:29,094 - httpx - HTTP Request: HEAD https://huggingface.co/sentence-transformers/all-MiniLM-L6-v2/resolve/main/config_sentence_transformers.json "HTTP/1.1 307 Temporary Redirect"
2026-06-16 21:24:29,346 - httpx - HTTP Request: HEAD https://huggingface.co/api/resolve-cache/models/sentence-transformers/all-MiniLM-L6-v2/1110a243fdf4706b3f48f1d95db1a4f5529b4d41/config_sentence_transformers.json "HTTP/1.1 200 OK"
2026-06-16 21:24:29,350 - sentence_transformers.base.model - Loading SentenceTransformer model from sentence-transformers/all-MiniLM-L6-v2.
2026-06-16 21:24:29,685 - httpx - HTTP Request: HEAD https://huggingface.co/sentence-transformers/all-MiniLM-L6-v2/resolve/main/config_sentence_transformers.json "HTTP/1.1 307 Temporary Redirect"
2026-06-16 21:24:29,806 - httpx - HTTP Request: HEAD https://huggingface.co/api/resolve-cache/models/sentence-transformers/all-MiniLM-L6-v2/1110a243fdf4706b3f48f1d95db1a4f5529b4d41/config_sentence_transformers.json "HTTP/1.1 200 OK"
2026-06-16 21:24:30,140 - httpx - HTTP Request: HEAD https://huggingface.co/sentence-transformers/all-MiniLM-L6-v2/resolve/main/README.md "HTTP/1.1 307 Temporary Redirect"
2026-06-16 21:24:30,291 - httpx - HTTP Request: HEAD https://huggingface.co/api/resolve-cache/models/sentence-transformers/all-MiniLM-L6-v2/1110a243fdf4706b3f48f1d95db1a4f5529b4d41/README.md "HTTP/1.1 200 OK"
2026-06-16 21:24:30,625 - httpx - HTTP Request: HEAD https://huggingface.co/sentence-transformers/all-MiniLM-L6-v2/resolve/main/modules.json "HTTP/1.1 307 Temporary Redirect"
2026-06-16 21:24:30,774 - httpx - HTTP Request: HEAD https://huggingface.co/api/resolve-cache/models/sentence-transformers/all-MiniLM-L6-v2/1110a243fdf4706b3f48f1d95db1a4f5529b4d41/modules.json "HTTP/1.1 200 OK"
2026-06-16 21:24:31,095 - httpx - HTTP Request: HEAD https://huggingface.co/sentence-transformers/all-MiniLM-L6-v2/resolve/main/sentence_bert_config.json "HTTP/1.1 307 Temporary Redirect"
2026-06-16 21:24:31,195 - httpx - HTTP Request: HEAD https://huggingface.co/api/resolve-cache/models/sentence-transformers/all-MiniLM-L6-v2/1110a243fdf4706b3f48f1d95db1a4f5529b4d41/sentence_bert_config.json "HTTP/1.1 200 OK"
2026-06-16 21:24:31,475 - httpx - HTTP Request: HEAD https://huggingface.co/sentence-transformers/all-MiniLM-L6-v2/resolve/main/adapter_config.json "HTTP/1.1 404 Not Found"
2026-06-16 21:24:31,895 - httpx - HTTP Request: HEAD https://huggingface.co/sentence-transformers/all-MiniLM-L6-v2/resolve/main/config.json "HTTP/1.1 307 Temporary Redirect"
2026-06-16 21:24:32,065 - httpx - HTTP Request: HEAD https://huggingface.co/api/resolve-cache/models/sentence-transformers/all-MiniLM-L6-v2/1110a243fdf4706b3f48f1d95db1a4f5529b4d41/config.json "HTTP/1.1 200 OK"
2026-06-16 21:24:32,736 - httpx - HTTP Request: HEAD https://huggingface.co/sentence-transformers/all-MiniLM-L6-v2/resolve/main/processor_config.json "HTTP/1.1 404 Not Found"
2026-06-16 21:24:33,190 - httpx - HTTP Request: HEAD https://huggingface.co/sentence-transformers/all-MiniLM-L6-v2/resolve/main/preprocessor_config.json "HTTP/1.1 404 Not Found"
2026-06-16 21:24:33,507 - httpx - HTTP Request: HEAD https://huggingface.co/sentence-transformers/all-MiniLM-L6-v2/resolve/main/video_preprocessor_config.json "HTTP/1.1 404 Not Found"
2026-06-16 21:24:33,811 - httpx - HTTP Request: HEAD https://huggingface.co/sentence-transformers/all-MiniLM-L6-v2/resolve/main/preprocessor_config.json "HTTP/1.1 404 Not Found"
2026-06-16 21:24:34,148 - httpx - HTTP Request: HEAD https://huggingface.co/sentence-transformers/all-MiniLM-L6-v2/resolve/main/tokenizer_config.json "HTTP/1.1 307 Temporary Redirect"
2026-06-16 21:24:34,299 - httpx - HTTP Request: HEAD https://huggingface.co/api/resolve-cache/models/sentence-transformers/all-MiniLM-L6-v2/1110a243fdf4706b3f48f1d95db1a4f5529b4d41/tokenizer_config.json "HTTP/1.1 200 OK"
2026-06-16 21:24:34,626 - httpx - HTTP Request: HEAD https://huggingface.co/sentence-transformers/all-MiniLM-L6-v2/resolve/main/config.json "HTTP/1.1 307 Temporary Redirect"
2026-06-16 21:24:34,702 - httpx - HTTP Request: HEAD https://huggingface.co/api/resolve-cache/models/sentence-transformers/all-MiniLM-L6-v2/1110a243fdf4706b3f48f1d95db1a4f5529b4d41/config.json "HTTP/1.1 200 OK"
2026-06-16 21:24:35,106 - httpx - HTTP Request: HEAD https://huggingface.co/sentence-transformers/all-MiniLM-L6-v2/resolve/main/config.json "HTTP/1.1 307 Temporary Redirect"
2026-06-16 21:24:35,257 - httpx - HTTP Request: HEAD https://huggingface.co/api/resolve-cache/models/sentence-transformers/all-MiniLM-L6-v2/1110a243fdf4706b3f48f1d95db1a4f5529b4d41/config.json "HTTP/1.1 200 OK"
2026-06-16 21:24:36,064 - httpx - HTTP Request: HEAD https://huggingface.co/sentence-transformers/all-MiniLM-L6-v2/resolve/main/tokenizer_config.json "HTTP/1.1 307 Temporary Redirect"
2026-06-16 21:24:36,227 - httpx - HTTP Request: HEAD https://huggingface.co/api/resolve-cache/models/sentence-transformers/all-MiniLM-L6-v2/1110a243fdf4706b3f48f1d95db1a4f5529b4d41/tokenizer_config.json "HTTP/1.1 200 OK"
2026-06-16 21:24:36,548 - httpx - HTTP Request: GET https://huggingface.co/api/models/sentence-transformers/all-MiniLM-L6-v2/tree/main/additional_chat_templates?recursive=false&expand=false "HTTP/1.1 404 Not Found"
2026-06-16 21:24:36,851 - httpx - HTTP Request: GET https://huggingface.co/api/models/sentence-transformers/all-MiniLM-L6-v2/tree/main?recursive=true&expand=false "HTTP/1.1 200 OK"
2026-06-16 21:24:37,345 - httpx - HTTP Request: HEAD https://huggingface.co/sentence-transformers/all-MiniLM-L6-v2/resolve/main/1_Pooling/config.json "HTTP/1.1 307 Temporary Redirect"
2026-06-16 21:24:37,415 - httpx - HTTP Request: HEAD https://huggingface.co/api/resolve-cache/models/sentence-transformers/all-MiniLM-L6-v2/1110a243fdf4706b3f48f1d95db1a4f5529b4d41/1_Pooling%2Fconfig.json "HTTP/1.1 200 OK"
2026-06-16 21:24:37,718 - httpx - HTTP Request: GET https://huggingface.co/api/models/sentence-transformers/all-MiniLM-L6-v2 "HTTP/1.1 200 OK"
2026-06-16 21:24:37,718 - services.kyc_vector_service - Successfully initialized embedding model: sentence-transformers/all-MiniLM-L6-v2
2026-06-16 21:24:38,020 - watchfiles.main - 1 change detected
2026-06-16 21:24:38,145 - services.kyc_vector_service - Connected to Chroma collection: 'adverse_collection' at './chroma_db'
2026-06-16 21:24:38,389 - watchfiles.main - 3 changes detected
2026-06-16 21:24:45,432 - watchfiles.main - 4 changes detected
2026-06-16 21:24:45,798 - watchfiles.main - 9 changes detected
2026-06-16 21:24:46,253 - services.kyc_vector_service - Successfully stored 114 document chunks into the vector store.
2026-06-16 21:24:46,637 - google_genai.models - AFC is enabled with max remote calls: 10.
2026-06-16 21:24:47,919 - httpx - HTTP Request: POST https://generativelanguage.googleapis.com/v1beta/models/gemini-2.5-flash:generateContent "HTTP/1.1 403 Forbidden"
2026-06-17 08:25:31,801 - watchfiles.main - 1 change detected
2026-06-17 08:26:39,275 - watchfiles.main - 1 change detected
2026-06-17 08:29:09,822 - watchfiles.main - 3 changes detected
2026-06-17 08:29:11,036 - easyocr.easyocr - Using CPU. Note: This module is much faster with a GPU.
2026-06-17 08:29:40,900 - easyocr.easyocr - Using CPU. Note: This module is much faster with a GPU.
2026-06-17 08:30:23,901 - google_genai.models - AFC is enabled with max remote calls: 10.
2026-06-17 08:33:03,347 - watchfiles.main - 1 change detected
2026-06-17 08:35:29,078 - watchfiles.main - 4 changes detected
2026-06-17 08:35:29,874 - easyocr.easyocr - Using CPU. Note: This module is much faster with a GPU.
2026-06-17 08:35:49,670 - easyocr.easyocr - Using CPU. Note: This module is much faster with a GPU.
2026-06-17 08:36:12,044 - google_genai.models - AFC is enabled with max remote calls: 10.
